dataset,task_id,task_name,suite_id,problem_type,seed,budget_ratio,model,n_train,n_validation,n_test,arm_name,fold_id,primary_metric,primary_value,primary_direction,robust_metric,robust_value,robust_direction,tail_metric,tail_value,tail_direction,tail_quantile,evaluation_rows,selected_temperature,guard_metrics
adult__task_359983,359983,adult,271,classification,42,0.1,lightgbm,8000,2000,4885,A2_median_scaled_euclidean,0,roc_auc,0.8506643658326143,higher,,,,,,,,400,0.25,"[{'metric': 'brier_score', 'value': 0.12785756941080068, 'direction': 'lower'}, {'metric': 'expected_calibration_error', 'value': 0.08596068115256479, 'direction': 'lower'}, {'metric': 'f1_macro', 'value': 0.726600033679706, 'direction': 'higher'}, {'metric': 'worst_class_recall', 'value': 0.4631578947368421, 'direction': 'higher'}]"
adult__task_359983,359983,adult,271,classification,42,0.1,lightgbm,8000,2000,4885,A5_gmm_posterior,0,roc_auc,0.8565660051768766,higher,,,,,,,,400,2.0,"[{'metric': 'brier_score', 'value': 0.12900243558491845, 'direction': 'lower'}, {'metric': 'expected_calibration_error', 'value': 0.08364067316341048, 'direction': 'lower'}, {'metric': 'f1_macro', 'value': 0.731850625024646, 'direction': 'higher'}, {'metric': 'worst_class_recall', 'value': 0.47368421052631576, 'direction': 'higher'}]"
adult__task_359983,359983,adult,271,classification,42,0.1,lightgbm,8000,2000,4885,A6_cosine_negative_control,0,roc_auc,0.8488352027610009,higher,,,,,,,,400,0.1,"[{'metric': 'brier_score', 'value': 0.1285921933815589, 'direction': 'lower'}, {'metric': 'expected_calibration_error', 'value': 0.08512494988571079, 'direction': 'lower'}, {'metric': 'f1_macro', 'value': 0.734524670384642, 'direction': 'higher'}, {'metric': 'worst_class_recall', 'value': 0.47368421052631576, 'direction': 'higher'}]"
adult__task_359983,359983,adult,271,classification,42,0.1,lightgbm,8000,2000,4885,A2_median_scaled_euclidean,1,roc_auc,0.851014254385965,higher,,,,,,,,400,0.25,"[{'metric': 'brier_score', 'value': 0.1428792467389577, 'direction': 'lower'}, {'metric': 'expected_calibration_error', 'value': 0.10643624997130015, 'direction': 'lower'}, {'metric': 'f1_macro', 'value': 0.7061482820976492, 'direction': 'higher'}, {'metric': 'worst_class_recall', 'value': 0.46875, 'direction': 'higher'}]"
adult__task_359983,359983,adult,271,classification,42,0.1,lightgbm,8000,2000,4885,A5_gmm_posterior,1,roc_auc,0.8505345394736842,higher,,,,,,,,400,2.0,"[{'metric': 'brier_score', 'value': 0.14135117308928827, 'direction': 'lower'}, {'metric': 'expected_calibration_error', 'value': 0.10402517258962884, 'direction': 'lower'}, {'metric': 'f1_macro', 'value': 0.7110689485799039, 'direction': 'higher'}, {'metric': 'worst_class_recall', 'value': 0.4583333333333333, 'direction': 'higher'}]"
adult__task_359983,359983,adult,271,classification,42,0.1,lightgbm,8000,2000,4885,A6_cosine_negative_control,1,roc_auc,0.8511513157894737,higher,,,,,,,,400,0.1,"[{'metric': 'brier_score', 'value': 0.14365554529386335, 'direction': 'lower'}, {'metric': 'expected_calibration_error', 'value': 0.10967368412136577, 'direction': 'lower'}, {'metric': 'f1_macro', 'value': 0.6986136226642556, 'direction': 'higher'}, {'metric': 'worst_class_recall', 'value': 0.4583333333333333, 'direction': 'higher'}]"
adult__task_359983,359983,adult,271,classification,42,0.1,lightgbm,8000,2000,4885,A2_median_scaled_euclidean,2,roc_auc,0.8456688596491228,higher,,,,,,,,400,0.25,"[{'metric': 'brier_score', 'value': 0.14103196443616484, 'direction': 'lower'}, {'metric': 'expected_calibration_error', 'value': 0.09510263093180396, 'direction': 'lower'}, {'metric': 'f1_macro', 'value': 0.7035460453802591, 'direction': 'higher'}, {'metric': 'worst_class_recall', 'value': 0.4583333333333333, 'direction': 'higher'}]"
adult__task_359983,359983,adult,271,classification,42,0.1,lightgbm,8000,2000,4885,A5_gmm_posterior,2,roc_auc,0.8583470394736843,higher,,,,,,,,400,2.0,"[{'metric': 'brier_score', 'value': 0.13911987897300523, 'direction': 'lower'}, {'metric': 'expected_calibration_error', 'value': 0.09545209396213954, 'direction': 'lower'}, {'metric': 'f1_macro', 'value': 0.7085442552538732, 'direction': 'higher'}, {'metric': 'worst_class_recall', 'value': 0.4583333333333333, 'direction': 'higher'}]"
adult__task_359983,359983,adult,271,classification,42,0.1,lightgbm,8000,2000,4885,A6_cosine_negative_control,2,roc_auc,0.8449492872807017,higher,,,,,,,,400,0.1,"[{'metric': 'brier_score', 'value': 0.14150343079362593, 'direction': 'lower'}, {'metric': 'expected_calibration_error', 'value': 0.0965624490879265, 'direction': 'lower'}, {'metric': 'f1_macro', 'value': 0.7035460453802591, 'direction': 'higher'}, {'metric': 'worst_class_recall', 'value': 0.4583333333333333, 'direction': 'higher'}]"
adult__task_359983,359983,adult,271,classification,42,0.1,lightgbm,8000,2000,4885,A2_median_scaled_euclidean,3,roc_auc,0.8696888706140351,higher,,,,,,,,400,0.25,"[{'metric': 'brier_score', 'value': 0.11984494103154829, 'direction': 'lower'}, {'metric': 'expected_calibration_error', 'value': 0.06929479259958819, 'direction': 'lower'}, {'metric': 'f1_macro', 'value': 0.7503739437945142, 'direction': 'higher'}, {'metric': 'worst_class_recall', 'value': 0.4895833333333333, 'direction': 'higher'}]"
adult__task_359983,359983,adult,271,classification,42,0.1,lightgbm,8000,2000,4885,A5_gmm_posterior,3,roc_auc,0.8711965460526316,higher,,,,,,,,400,5.0,"[{'metric': 'brier_score', 'value': 0.12105805817709824, 'direction': 'lower'}, {'metric': 'expected_calibration_error', 'value': 0.06897351316061395, 'direction': 'lower'}, {'metric': 'f1_macro', 'value': 0.7428545189236625, 'direction': 'higher'}, {'metric': 'worst_class_recall', 'value': 0.4583333333333333, 'direction': 'higher'}]"
adult__task_359983,359983,adult,271,classification,42,0.1,lightgbm,8000,2000,4885,A6_cosine_negative_control,3,roc_auc,0.8698601973684211,higher,,,,,,,,400,0.1,"[{'metric': 'brier_score', 'value': 0.11886751332419393, 'direction': 'lower'}, {'metric': 'expected_calibration_error', 'value': 0.06272797160894958, 'direction': 'lower'}, {'metric': 'f1_macro', 'value': 0.7503739437945142, 'direction': 'higher'}, {'metric': 'worst_class_recall', 'value': 0.4895833333333333, 'direction': 'higher'}]"
adult__task_359983,359983,adult,271,classification,42,0.1,lightgbm,8000,2000,4885,A2_median_scaled_euclidean,4,roc_auc,0.8430989583333335,higher,,,,,,,,400,0.25,"[{'metric': 'brier_score', 'value': 0.14513259280541177, 'direction': 'lower'}, {'metric': 'expected_calibration_error', 'value': 0.11440806607343015, 'direction': 'lower'}, {'metric': 'f1_macro', 'value': 0.6775477300788784, 'direction': 'higher'}, {'metric': 'worst_class_recall', 'value': 0.375, 'direction': 'higher'}]"
adult__task_359983,359983,adult,271,classification,42,0.1,lightgbm,8000,2000,4885,A5_gmm_posterior,4,roc_auc,0.8497464364035088,higher,,,,,,,,400,5.0,"[{'metric': 'brier_score', 'value': 0.14377862430824848, 'direction': 'lower'}, {'metric': 'expected_calibration_error', 'value': 0.11597319443006139, 'direction': 'lower'}, {'metric': 'f1_macro', 'value': 0.6766705355662411, 'direction': 'higher'}, {'metric': 'worst_class_recall', 'value': 0.3645833333333333, 'direction': 'higher'}]"
adult__task_359983,359983,adult,271,classification,42,0.1,lightgbm,8000,2000,4885,A6_cosine_negative_control,4,roc_auc,0.8463541666666667,higher,,,,,,,,400,0.1,"[{'metric': 'brier_score', 'value': 0.1445718546764632, 'direction': 'lower'}, {'metric': 'expected_calibration_error', 'value': 0.11147848781133803, 'direction': 'lower'}, {'metric': 'f1_macro', 'value': 0.6857110786844763, 'direction': 'higher'}, {'metric': 'worst_class_recall', 'value': 0.3854166666666667, 'direction': 'higher'}]"
car__task_359960,359960,car,271,classification,42,0.1,lightgbm,1244,311,173,A2_median_scaled_euclidean,0,log_loss,0.640097180664418,lower,,,,,,,,63,0.1,"[{'metric': 'brier_score', 'value': 0.3309509455173577, 'direction': 'lower'}, {'metric': 'expected_calibration_error', 'value': 0.12916678860144507, 'direction': 'lower'}, {'metric': 'f1_macro', 'value': 0.3580131208997188, 'direction': 'higher'}, {'metric': 'worst_class_recall', 'value': 0.0, 'direction': 'higher'}]"
car__task_359960,359960,car,271,classification,42,0.1,lightgbm,1244,311,173,A5_gmm_posterior,0,log_loss,0.646265550594379,lower,,,,,,,,63,0.25,"[{'metric': 'brier_score', 'value': 0.3342013901420108, 'direction': 'lower'}, {'metric': 'expected_calibration_error', 'value': 0.09854408104043282, 'direction': 'lower'}, {'metric': 'f1_macro', 'value': 0.3580131208997188, 'direction': 'higher'}, {'metric': 'worst_class_recall', 'value': 0.0, 'direction': 'higher'}]"
car__task_359960,359960,car,271,classification,42,0.1,lightgbm,1244,311,173,A6_cosine_negative_control,0,log_loss,0.6381047724517757,lower,,,,,,,,63,0.05,"[{'metric': 'brier_score', 'value': 0.33011277125588007, 'direction': 'lower'}, {'metric': 'expected_calibration_error', 'value': 0.12842504903505875, 'direction': 'lower'}, {'metric': 'f1_macro', 'value': 0.3580131208997188, 'direction': 'higher'}, {'metric': 'worst_class_recall', 'value': 0.0, 'direction': 'higher'}]"
car__task_359960,359960,car,271,classification,42,0.1,lightgbm,1244,311,173,A2_median_scaled_euclidean,1,log_loss,0.6754688704227363,lower,,,,,,,,62,0.05,"[{'metric': 'brier_score', 'value': 0.36888757573714864, 'direction': 'lower'}, {'metric': 'expected_calibration_error', 'value': 0.06737102304747689, 'direction': 'lower'}, {'metric': 'f1_macro', 'value': 0.31398809523809523, 'direction': 'higher'}, {'metric': 'worst_class_recall', 'value': 0.0, 'direction': 'higher'}]"
car__task_359960,359960,car,271,classification,42,0.1,lightgbm,1244,311,173,A5_gmm_posterior,1,log_loss,0.6754990470354915,lower,,,,,,,,62,0.05,"[{'metric': 'brier_score', 'value': 0.3692969322900058, 'direction': 'lower'}, {'metric': 'expected_calibration_error', 'value': 0.08939826720775274, 'direction': 'lower'}, {'metric': 'f1_macro', 'value': 0.31398809523809523, 'direction': 'higher'}, {'metric': 'worst_class_recall', 'value': 0.0, 'direction': 'higher'}]"
car__task_359960,359960,car,271,classification,42,0.1,lightgbm,1244,311,173,A6_cosine_negative_control,1,log_loss,0.6716430403623048,lower,,,,,,,,62,0.05,"[{'metric': 'brier_score', 'value': 0.36601489572729023, 'direction': 'lower'}, {'metric': 'expected_calibration_error', 'value': 0.0743638158291147, 'direction': 'lower'}, {'metric': 'f1_macro', 'value': 0.31398809523809523, 'direction': 'higher'}, {'metric': 'worst_class_recall', 'value': 0.0, 'direction': 'higher'}]"
car__task_359960,359960,car,271,classification,42,0.1,lightgbm,1244,311,173,A2_median_scaled_euclidean,2,log_loss,0.6631946894330475,lower,,,,,,,,62,0.05,"[{'metric': 'brier_score', 'value': 0.33424082538339345, 'direction': 'lower'}, {'metric': 'expected_calibration_error', 'value': 0.08773292667830333, 'direction': 'lower'}, {'metric': 'f1_macro', 'value': 0.4255050505050505, 'direction': 'higher'}, {'metric': 'worst_class_recall', 'value': 0.0, 'direction': 'higher'}]"
car__task_359960,359960,car,271,classification,42,0.1,lightgbm,1244,311,173,A5_gmm_posterior,2,log_loss,0.6639916818474224,lower,,,,,,,,62,2.0,"[{'metric': 'brier_score', 'value': 0.3311999846949193, 'direction': 'lower'}, {'metric': 'expected_calibration_error', 'value': 0.08855315580938636, 'direction': 'lower'}, {'metric': 'f1_macro', 'value': 0.4255050505050505, 'direction': 'higher'}, {'metric': 'worst_class_recall', 'value': 0.0, 'direction': 'higher'}]"
car__task_359960,359960,car,271,classification,42,0.1,lightgbm,1244,311,173,A6_cosine_negative_control,2,log_loss,0.6595497574138004,lower,,,,,,,,62,0.05,"[{'metric': 'brier_score', 'value': 0.33069955293249514, 'direction': 'lower'}, {'metric': 'expected_calibration_error', 'value': 0.09983583617004765, 'direction': 'lower'}, {'metric': 'f1_macro', 'value': 0.4255050505050505, 'direction': 'higher'}, {'metric': 'worst_class_recall', 'value': 0.0, 'direction': 'higher'}]"
car__task_359960,359960,car,271,classification,42,0.1,lightgbm,1244,311,173,A2_median_scaled_euclidean,3,log_loss,0.7580361459292911,lower,,,,,,,,62,0.1,"[{'metric': 'brier_score', 'value': 0.3883802995417545, 'direction': 'lower'}, {'metric': 'expected_calibration_error', 'value': 0.1668359056017037, 'direction': 'lower'}, {'metric': 'f1_macro', 'value': 0.2642857142857143, 'direction': 'higher'}, {'metric': 'worst_class_recall', 'value': 0.0, 'direction': 'higher'}]"
car__task_359960,359960,car,271,classification,42,0.1,lightgbm,1244,311,173,A5_gmm_posterior,3,log_loss,0.7549240887314118,lower,,,,,,,,62,2.0,"[{'metric': 'brier_score', 'value': 0.38446536166322465, 'direction': 'lower'}, {'metric': 'expected_calibration_error', 'value': 0.1572195159286577, 'direction': 'lower'}, {'metric': 'f1_macro', 'value': 0.2642857142857143, 'direction': 'higher'}, {'metric': 'worst_class_recall', 'value': 0.0, 'direction': 'higher'}]"
car__task_359960,359960,car,271,classification,42,0.1,lightgbm,1244,311,173,A6_cosine_negative_control,3,log_loss,0.7627782889534216,lower,,,,,,,,62,0.1,"[{'metric': 'brier_score', 'value': 0.39016594436579805, 'direction': 'lower'}, {'metric': 'expected_calibration_error', 'value': 0.1848853118942038, 'direction': 'lower'}, {'metric': 'f1_macro', 'value': 0.2642857142857143, 'direction': 'higher'}, {'metric': 'worst_class_recall', 'value': 0.0, 'direction': 'higher'}]"
car__task_359960,359960,car,271,classification,42,0.1,lightgbm,1244,311,173,A2_median_scaled_euclidean,4,log_loss,0.722829763981288,lower,,,,,,,,62,0.05,"[{'metric': 'brier_score', 'value': 0.37248681966575914, 'direction': 'lower'}, {'metric': 'expected_calibration_error', 'value': 0.06337170258788744, 'direction': 'lower'}, {'metric': 'f1_macro', 'value': 0.4103260869565217, 'direction': 'higher'}, {'metric': 'worst_class_recall', 'value': 0.0, 'direction': 'higher'}]"
car__task_359960,359960,car,271,classification,42,0.1,lightgbm,1244,311,173,A5_gmm_posterior,4,log_loss,0.7214706655048738,lower,,,,,,,,62,2.0,"[{'metric': 'brier_score', 'value': 0.3647690237842063, 'direction': 'lower'}, {'metric': 'expected_calibration_error', 'value': 0.06509620541260762, 'direction': 'lower'}, {'metric': 'f1_macro', 'value': 0.4008699633699634, 'direction': 'higher'}, {'metric': 'worst_class_recall', 'value': 0.0, 'direction': 'higher'}]"
car__task_359960,359960,car,271,classification,42,0.1,lightgbm,1244,311,173,A6_cosine_negative_control,4,log_loss,0.7203911115824407,lower,,,,,,,,62,0.05,"[{'metric': 'brier_score', 'value': 0.3701116434485688, 'direction': 'lower'}, {'metric': 'expected_calibration_error', 'value': 0.06489464519763825, 'direction': 'lower'}, {'metric': 'f1_macro', 'value': 0.4103260869565217, 'direction': 'higher'}, {'metric': 'worst_class_recall', 'value': 0.0, 'direction': 'higher'}]"
