dataset,problem_type,seed,budget_ratio,model,row_arm_id,selection_method,training_reweighting,status,selected_geometry_arm,primary_metric,primary_value,rmse,mae,tail_mae,roc_auc,log_loss,n_experts,total_train_rows,ensemble_fit_seconds,sampler_fit_seconds,gram_relative_error_mean,projection_cost_error_mean,principal_angle_max_mean,effective_sample_size_mean,inclusion_probability_min_mean,inclusion_probability_max_mean
bank-marketing__task_359982,classification,11,0.05,lightgbm,R0_uniform,uniform,none,completed,A2_median_scaled_euclidean,roc_auc,0.8974912145403797,,,,0.8974912145403797,0.2971018275729506,2,1628,81.7427040040493,80.9314450994134,0.1096223877439233,4.4429164127092486e-12,2.3955895587668943e-06,814.0,0.0499917714569589,0.0501535139708172
bank-marketing__task_359982,classification,11,0.1,lightgbm,R0_uniform,uniform,none,completed,A2_median_scaled_euclidean,roc_auc,0.9058655103898742,,,,0.9058655103898742,0.250170301345246,2,3255,82.06697227433324,81.1409377977252,0.1041343332529585,8.116482680826279e-12,2.6861976031968315e-06,1627.5,0.0999379318606356,0.1001382307616405
bank-marketing__task_359982,classification,11,0.2,lightgbm,R0_uniform,uniform,none,completed,A6_cosine_negative_control,roc_auc,0.9157272864564026,,,,0.9157272864564026,0.2267511901689255,2,6510,86.42356148548424,85.3488785456866,0.0788606323523903,9.152288333600516e-13,2.3368546416870086e-06,3255.0,0.1998464860291827,0.2000150520596086
bank-marketing__task_359982,classification,29,0.05,lightgbm,R0_uniform,uniform,none,completed,A6_cosine_negative_control,roc_auc,0.881261489269738,,,,0.881261489269738,0.3238318970799228,2,1628,83.6603889502585,82.78981382027268,1.3181152207062257,8.46280012329739e-12,2.3044826193991696e-06,814.0,0.0500262536481631,0.0501580600642515
bank-marketing__task_359982,classification,29,0.1,lightgbm,R0_uniform,uniform,none,completed,A6_cosine_negative_control,roc_auc,0.9059999611797016,,,,0.9059999611797016,0.274321003957926,2,3255,83.15217558853328,82.23093497566879,0.6178185166425683,5.769709238383719e-12,2.332552979722692e-06,1627.5,0.0999219725961903,0.10017524767407
bank-marketing__task_359982,classification,29,0.2,lightgbm,R0_uniform,uniform,none,completed,A6_cosine_negative_control,roc_auc,0.9194814933695404,,,,0.9194814933695404,0.2287954626899882,2,6510,83.44273370504379,82.47971420921385,0.0800089949007538,7.190038016631595e-12,1.7075472925031875e-06,3255.0,0.199866844207723,0.20002895193978
bank-marketing__task_359982,classification,47,0.05,lightgbm,R0_uniform,uniform,none,completed,A5_gmm_posterior,roc_auc,0.8824682324502661,,,,0.8824682324502661,0.3194424480024418,2,1628,63.51034357398749,62.67480294406414,0.0881576840900532,2.730130200351481e-13,1.6939376219437605e-06,814.0,0.0498910788626837,0.0500443493686736
bank-marketing__task_359982,classification,47,0.1,lightgbm,R0_uniform,uniform,none,completed,A2_median_scaled_euclidean,roc_auc,0.9067687924567428,,,,0.9067687924567428,0.2548545565139542,2,3255,65.51636673882604,64.61664511449635,0.0443426339087015,2.4105143298073325e-13,1.593163312987143e-06,1627.5,0.0998578946858546,0.1001044116720893
bank-marketing__task_359982,classification,47,0.2,lightgbm,R0_uniform,uniform,none,completed,A6_cosine_negative_control,roc_auc,0.9160605729213268,,,,0.9160605729213268,0.2327488104953629,2,6510,63.98232086189091,63.00814010761678,0.0556178749855047,1.104377741777799e-12,1.733145506824142e-06,3255.0,0.1999347502319924,0.2003480278422273
covertype__task_7593,classification,11,0.05,lightgbm,R0_uniform,uniform,none,completed,A2_median_scaled_euclidean,log_loss,0.7461799555558148,,,,,0.7461799555558148,3,2000,60.87524207495153,56.0014607720077,0.0209355921268734,7.488969201710657e-13,2.043803353792584e-06,666.6666666666666,0.0495988677966596,0.0796186895810956
covertype__task_7593,classification,11,0.1,lightgbm,R0_uniform,uniform,none,completed,A2_median_scaled_euclidean,log_loss,0.6862611898409507,,,,,0.6862611898409507,3,4000,61.950568947941065,55.81821353547275,0.0120196366218703,1.107898668745165e-12,1.608020490881781e-06,1333.3333333333333,0.0992953533867754,0.1125795856099876
covertype__task_7593,classification,11,0.2,lightgbm,R0_uniform,uniform,none,completed,A6_cosine_negative_control,log_loss,0.567439461796591,,,,,0.567439461796591,3,8000,63.02974831312895,56.61738801188767,0.0086238303660606,8.580506162829816e-13,1.346355036745297e-06,2666.6666666666665,0.1956155553490908,0.2190297171500179
covertype__task_7593,classification,29,0.05,lightgbm,R0_uniform,uniform,none,completed,A2_median_scaled_euclidean,log_loss,0.8517930671583007,,,,,0.8517930671583007,2,2000,66.35938894376159,62.64649368263781,0.015401677208052,3.966605443997295e-12,2.0002028497841475e-06,1000.0,0.0493274915287622,0.0537273580140001
covertype__task_7593,classification,29,0.1,lightgbm,R0_uniform,uniform,none,completed,A2_median_scaled_euclidean,log_loss,0.6748284300635781,,,,,0.6748284300635781,2,4000,66.47191619127989,62.191720094531775,0.0161784630830442,5.209109355586577e-12,1.6939376219437605e-06,2000.0,0.0987095503389825,0.101410839287003
covertype__task_7593,classification,29,0.2,lightgbm,R0_uniform,uniform,none,completed,A6_cosine_negative_control,log_loss,0.5510556953440626,,,,,0.5510556953440626,2,8000,67.30752737633884,62.90027046203613,0.0080687524221953,1.5617336891754224e-12,1.558257090071078e-06,4000.0,0.1974875002240103,0.2010768204527819
covertype__task_7593,classification,47,0.05,lightgbm,R0_uniform,uniform,none,completed,A6_cosine_negative_control,log_loss,0.8260198757460294,,,,,0.8260198757460294,2,2000,71.75387909822166,67.6840791106224,0.0255558176390849,4.7290174092921545e-12,1.8843696042402577e-06,1000.0,0.0496738847982741,0.0704243686539963
covertype__task_7593,classification,47,0.1,lightgbm,R0_uniform,uniform,none,completed,A6_cosine_negative_control,log_loss,0.681223786573828,,,,,0.681223786573828,2,4000,71.01928318478167,67.08419793844223,0.0175644005118031,4.544751272110255e-12,2.326315363953327e-06,2000.0,0.0997837967988946,0.1161155948971621
covertype__task_7593,classification,47,0.2,lightgbm,R0_uniform,uniform,none,completed,A6_cosine_negative_control,log_loss,0.5569662100193049,,,,,0.5569662100193049,2,8000,70.63243154063821,66.65299018286169,0.0088958382354203,4.3615431678971195e-12,2.3368546416870086e-06,4000.0,0.1997996957869328,0.2104920593595417
diamonds__task_233211,regression,11,0.05,lightgbm,R0_uniform,uniform,none,completed,A2_median_scaled_euclidean,rmse,805.671543320441,805.671543320441,437.0772535996792,2093.462356185162,,,2,1942,70.99066744558513,70.36548359878361,0.0697887318513305,2.2159612351965065e-12,2.8057543565079613e-06,971.0,0.0500041640488445,0.0500041640488445
diamonds__task_233211,regression,11,0.1,lightgbm,R0_uniform,uniform,none,completed,A2_median_scaled_euclidean,rmse,698.8000567774922,698.8000567774922,378.94881784699066,1781.3546421877977,,,2,3884,72.77589074335992,72.12878976017237,0.060813630669639,2.4374112727572106e-12,2.488078739103125e-06,1942.0,0.100008328097689,0.100008328097689
diamonds__task_233211,regression,11,0.2,lightgbm,R0_uniform,uniform,none,completed,A2_median_scaled_euclidean,rmse,599.3925098174285,599.3925098174285,326.1982412652497,1507.950887694074,,,2,7767,72.59164351969957,71.92151525057852,0.026057508843797,2.2951487211675265e-12,3.017941663071086e-06,3883.5,0.1999940266411803,0.1999940266411803
diamonds__task_233211,regression,29,0.05,lightgbm,R0_uniform,uniform,none,completed,A2_median_scaled_euclidean,rmse,793.2502232009796,793.2502232009796,431.4798087472196,2025.9827629197976,,,2,1942,70.99555598944426,70.3676192574203,0.0592219130421889,1.234983536418617e-12,2.332552979722692e-06,971.0,0.050005634201138,0.050005634201138
diamonds__task_233211,regression,29,0.1,lightgbm,R0_uniform,uniform,none,completed,A2_median_scaled_euclidean,rmse,679.1946047838478,679.1946047838478,369.14367237024953,1731.9253295171657,,,2,3884,71.07637034356594,70.32856971025467,0.0631093360261728,4.190082582306482e-12,1.0456548945759363e-06,1942.0,0.100011268402276,0.100011268402276
diamonds__task_233211,regression,29,0.2,lightgbm,R0_uniform,uniform,none,completed,A2_median_scaled_euclidean,rmse,608.6798751721586,608.6798751721586,330.93823216267054,1531.6982675048062,,,2,7767,72.12373957969248,71.49002435430884,0.0319055514264344,8.720389204602738e-12,2.0002028497841475e-06,3883.5,0.1999924833093307,0.1999924833093307
diamonds__task_233211,regression,47,0.05,lightgbm,R0_uniform,uniform,none,completed,A2_median_scaled_euclidean,rmse,773.0761437995682,773.0761437995682,424.31421227175497,1995.3515619541795,,,2,1942,73.382393239066,72.83576357364655,0.0586772471060165,5.742053923655096e-13,2.0611919159773272e-06,971.0,0.0500086839809783,0.0500086839809783
diamonds__task_233211,regression,47,0.1,lightgbm,R0_uniform,uniform,none,completed,A2_median_scaled_euclidean,rmse,711.6361877700191,711.6361877700191,379.74305280336273,1804.006705588444,,,2,3884,75.36547005362809,74.7320022303611,0.0398548848010931,1.1572055795956109e-12,1.983210018212869e-06,1942.0,0.1000097589651014,0.1000097589651014
diamonds__task_233211,regression,47,0.2,lightgbm,R0_uniform,uniform,none,completed,A2_median_scaled_euclidean,rmse,599.6144993028098,599.6144993028098,329.82587070139414,1508.083279181676,,,2,7767,74.72075422294438,74.03611920028925,0.0251949224996989,2.354998402543205e-12,2.2530731643016697e-06,3883.5,0.199997022766663,0.199997022766663
OnlineNewsPopularity__task_359941,regression,11,0.05,lightgbm,R0_uniform,uniform,none,completed,A2_median_scaled_euclidean,rmse,15815.673267404536,15815.673267404536,4026.918148421077,19459.531724054363,,,2,1427,59.99036964401603,59.297251131385565,0.2564691996568023,5.263391884762186e-12,2.019532555117945e-06,713.5,0.0500065035178222,0.0500065035178222
OnlineNewsPopularity__task_359941,regression,11,0.1,lightgbm,R0_uniform,uniform,none,completed,A2_median_scaled_euclidean,rmse,15697.88611607246,15697.88611607246,3804.741715547289,18688.73981263564,,,2,2854,59.92262987978757,59.110300462692976,1.7267612022169376,6.0476541447989056e-12,2.3368546416870086e-06,1427.0,0.1000130070356444,0.1000130070356444
OnlineNewsPopularity__task_359941,regression,11,0.2,lightgbm,R0_uniform,uniform,none,completed,A6_cosine_negative_control,rmse,15806.890890788356,15806.890890788356,3769.342413633389,19172.610046961658,,,2,5709,59.63051404058933,58.80225545354188,0.2273814751735973,7.180844660018305e-12,2.2530731643016697e-06,2854.5,0.2000220921241577,0.2000220921241577
OnlineNewsPopularity__task_359941,regression,29,0.05,lightgbm,R0_uniform,uniform,none,completed,A2_median_scaled_euclidean,rmse,15727.382393249072,15727.382393249072,3710.2097045640025,18623.15699069243,,,1,1427,61.83760433271527,61.36407857760787,0.3274594577980604,4.2985586306321917e-14,2.2588727439225506e-06,1427.0,0.0499947447710472,0.0499947447710472
OnlineNewsPopularity__task_359941,regression,29,0.1,lightgbm,R0_uniform,uniform,none,completed,A2_median_scaled_euclidean,rmse,15594.447524349134,15594.447524349134,3401.625238442824,17782.952053736743,,,1,2854,61.92430507391691,61.44557925499976,0.3194968404786402,7.17073234727185e-12,2.4148365394514667e-06,2854.0,0.0999894895420944,0.0999894895420944
OnlineNewsPopularity__task_359941,regression,29,0.2,lightgbm,R0_uniform,uniform,none,completed,A2_median_scaled_euclidean,rmse,15555.125735579351,15555.125735579351,3249.295517070506,17624.96411025971,,,1,5709,63.46229235641658,62.985825041309,0.3077667116572622,3.9762886924037335e-11,3.4150945850063763e-06,5709.0,0.2000140139438742,0.2000140139438742
OnlineNewsPopularity__task_359941,regression,47,0.05,lightgbm,R0_uniform,uniform,none,completed,A2_median_scaled_euclidean,rmse,15730.442729528984,15730.442729528984,3927.1770401949193,19149.656052203576,,,2,1427,79.38173399120569,78.63745432719588,0.3248573567977775,2.6505398650010295e-12,2.608215705432373e-06,713.5,0.0499946571085137,0.0499946571085137
OnlineNewsPopularity__task_359941,regression,47,0.1,lightgbm,R0_uniform,uniform,none,completed,A2_median_scaled_euclidean,rmse,15645.549578419954,15645.549578419954,3707.7205020170486,18445.9881917439,,,2,2854,81.60589434951544,80.79794164747,0.2917908360206449,5.132572046079322e-12,2.4100968413386665e-06,1427.0,0.0999893142170274,0.0999893142170274
OnlineNewsPopularity__task_359941,regression,47,0.2,lightgbm,R0_uniform,uniform,none,completed,A2_median_scaled_euclidean,rmse,15595.026934342091,15595.026934342091,3555.661080262987,18268.96040180908,,,2,5709,80.28105962835252,79.41222372464836,0.2575935816431112,6.249377508756388e-12,2.6429191296410358e-06,2854.5,0.2000152799514276,0.2000152799514276
bank-marketing__task_359982,classification,11,0.05,lightgbm,R1_capped_incumbent,capped_leverage,none,completed,A5_gmm_posterior,roc_auc,0.8879049679093423,,,,0.8879049679093423,0.3263574846030723,2,1628,80.44222895801067,79.64998931065202,0.1218138321458801,2.0634717931395988e-12,2.161966224933945e-06,814.0,0.0135012087976101,0.1042645011812937
bank-marketing__task_359982,classification,11,0.1,lightgbm,R1_capped_incumbent,capped_leverage,none,completed,A2_median_scaled_euclidean,roc_auc,0.9035201962602796,,,,0.9035201962602796,0.2780744938573747,2,3255,79.80620475672185,78.83016541972756,0.1020406173457922,5.127574525134083e-13,2.2037083104425523e-06,1627.5,0.0269436960147158,0.2080891645355949
bank-marketing__task_359982,classification,11,0.2,lightgbm,R1_capped_incumbent,capped_leverage,none,completed,A6_cosine_negative_control,roc_auc,0.9176725621444332,,,,0.9176725621444332,0.2313514322799071,2,6510,82.47308213822544,81.5328816473484,0.0678643181657467,4.299986672267654e-12,2.488078739103125e-06,3255.0,0.0537977868418833,0.4154647685924985
bank-marketing__task_359982,classification,29,0.05,lightgbm,R1_capped_incumbent,capped_leverage,none,completed,A6_cosine_negative_control,roc_auc,0.8907615737749001,,,,0.8907615737749001,0.3060865048934141,2,1628,79.49153959564865,78.73131285980344,0.117239782903279,7.023224114561821e-12,1.6939376219437605e-06,814.0,0.0171950380022165,0.0957669538395218
bank-marketing__task_359982,classification,29,0.1,lightgbm,R1_capped_incumbent,capped_leverage,none,completed,A6_cosine_negative_control,roc_auc,0.906868210294291,,,,0.906868210294291,0.2738272620967988,2,3255,82.03512622974813,81.10167027823627,0.1077954845889785,6.794557078596004e-12,2.326315363953327e-06,1627.5,0.0343212174222051,0.1913683971722016
bank-marketing__task_359982,classification,29,0.2,lightgbm,R1_capped_incumbent,capped_leverage,none,completed,A5_gmm_posterior,roc_auc,0.916204492076635,,,,0.916204492076635,0.2357109392311196,2,6510,83.21770546026528,82.2246841005981,0.0947659236190953,1.415919002211935e-11,2.623241689980812e-06,3255.0,0.0685217423032505,0.3822432005178372
bank-marketing__task_359982,classification,47,0.05,lightgbm,R1_capped_incumbent,capped_leverage,none,completed,A6_cosine_negative_control,roc_auc,0.8921245449858614,,,,0.8921245449858614,0.3051344802978095,2,1628,61.56797258555889,60.70005067996681,0.0644314865857691,1.4927960979208353e-12,2.0002028497841475e-06,814.0,0.0094158552483364,0.1152981037609883
bank-marketing__task_359982,classification,47,0.1,lightgbm,R1_capped_incumbent,capped_leverage,none,completed,A5_gmm_posterior,roc_auc,0.9003497140790334,,,,0.9003497140790334,0.2870763247336067,2,3255,63.91257074289024,62.89675821177661,0.0566250562816356,4.905088505877418e-13,2.0913097891518726e-06,1627.5,0.0188277328231357,0.2308954196076692
bank-marketing__task_359982,classification,47,0.2,lightgbm,R1_capped_incumbent,capped_leverage,none,completed,A5_gmm_posterior,roc_auc,0.9114935068316624,,,,0.9114935068316624,0.2509428229516183,2,6510,63.69691141135991,62.77507766708732,0.0389139755697944,7.085026504228529e-13,2.545259792216354e-06,3255.0,0.0377937755049699,0.4611504121671379
covertype__task_7593,classification,11,0.05,lightgbm,R1_capped_incumbent,capped_leverage,none,completed,A2_median_scaled_euclidean,log_loss,0.7651303195471049,,,,,0.7651303195471049,3,2000,61.946830313652754,56.78686290793121,0.038464040902636,7.93231646280579e-13,1.2055477343065366e-06,666.6666666666666,0.0106044424775599,0.1448321552699485
covertype__task_7593,classification,11,0.1,lightgbm,R1_capped_incumbent,capped_leverage,none,completed,A2_median_scaled_euclidean,log_loss,0.7042259804734048,,,,,0.7042259804734048,3,4000,62.24445631541312,56.41570054553449,0.0180068540961529,1.4333277423608748e-12,1.550876909302218e-06,1333.3333333333333,0.0212316773964358,0.2597856129954949
covertype__task_7593,classification,11,0.2,lightgbm,R1_capped_incumbent,capped_leverage,none,completed,A2_median_scaled_euclidean,log_loss,0.5759354556278187,,,,,0.5759354556278187,3,8000,63.14418659172952,57.31716521456838,0.0107946589764152,1.496708011972156e-12,1.2562464028268383e-06,2666.6666666666665,0.0424861472341876,0.4930374202976089
covertype__task_7593,classification,29,0.05,lightgbm,R1_capped_incumbent,capped_leverage,none,completed,A6_cosine_negative_control,log_loss,0.8706899929736228,,,,,0.8706899929736228,2,2000,65.57149819284678,62.02394594065845,0.0280973229725349,8.037520777886494e-13,1.808321601459805e-06,1000.0,0.0089102051290272,0.1358758524853373
covertype__task_7593,classification,29,0.1,lightgbm,R1_capped_incumbent,capped_leverage,none,completed,A6_cosine_negative_control,log_loss,0.6897868504664224,,,,,0.6897868504664224,2,4000,67.0287809446454,62.906318716704845,0.0156625183963535,3.427676450924668e-12,1.558257090071078e-06,2000.0,0.0178448716247777,0.2717517049706746
covertype__task_7593,classification,29,0.2,lightgbm,R1_capped_incumbent,capped_leverage,none,completed,A2_median_scaled_euclidean,log_loss,0.5849377839550638,,,,,0.5849377839550638,2,8000,67.80934195593,63.82149215973914,0.0068613591906161,9.65575680297709e-13,2.161966224933945e-06,4000.0,0.0357015709937375,0.5408554442049134
covertype__task_7593,classification,47,0.05,lightgbm,R1_capped_incumbent,capped_leverage,none,completed,A6_cosine_negative_control,log_loss,0.867772414836737,,,,,0.867772414836737,2,2000,72.33508085086942,68.91406842879951,0.0195364769533591,4.815453475566184e-12,2.4148365394514667e-06,1000.0,0.0128145208250248,0.110384166136146
covertype__task_7593,classification,47,0.1,lightgbm,R1_capped_incumbent,capped_leverage,none,completed,A6_cosine_negative_control,log_loss,0.6910002102302665,,,,,0.6910002102302665,2,4000,72.4091931283474,67.85448578186333,0.0169606927643224,1.3023763690997894e-11,2.4793710361522337e-06,2000.0,0.0255882465189341,0.2213607413004739
covertype__task_7593,classification,47,0.2,lightgbm,R1_capped_incumbent,capped_leverage,none,completed,A6_cosine_negative_control,log_loss,0.5490597445681508,,,,,0.5490597445681508,2,8000,74.47853782959282,70.2321105916053,0.0092085690748599,1.54724401955534e-12,2.175091266537212e-06,4000.0,0.051196890603426,0.4408163368922185
diamonds__task_233211,regression,11,0.05,lightgbm,R1_capped_incumbent,capped_leverage,none,completed,A6_cosine_negative_control,rmse,825.3266661299785,825.3266661299785,436.4256022121645,2143.466048130208,,,2,1942,72.5734493304044,72.00071879476309,0.0676029998667426,2.2613424261052138e-12,2.5518121902733107e-06,971.0,0.0112898199794655,0.0751553035804891
diamonds__task_233211,regression,11,0.1,lightgbm,R1_capped_incumbent,capped_leverage,none,completed,A2_median_scaled_euclidean,rmse,690.1834989978379,690.1834989978379,367.4946222337539,1747.947032913165,,,2,3884,103.9776393007487,103.3169864565134,0.0284376976562888,5.17681496638417e-13,2.613873108183619e-06,1942.0,0.022579639958931,0.1503106071609783
diamonds__task_233211,regression,11,0.2,lightgbm,R1_capped_incumbent,capped_leverage,none,completed,A2_median_scaled_euclidean,rmse,588.804943769564,588.804943769564,319.82986709282284,1461.5254261963855,,,2,7767,96.87842496298254,96.18738094344737,0.0323985881999204,2.4122105857380284e-12,3.0760435685361976e-06,3883.5,0.0451519998636875,0.3005884162343932
diamonds__task_233211,regression,29,0.05,lightgbm,R1_capped_incumbent,capped_leverage,none,completed,A2_median_scaled_euclidean,rmse,823.9762742082238,823.9762742082238,445.4565534606159,2151.0522137715798,,,2,1942,71.7119651325047,71.0739302970469,0.0569038493535833,9.305886862477388e-12,2.4148365394514667e-06,971.0,0.0074594115994147,0.0800095565223195
diamonds__task_233211,regression,29,0.1,lightgbm,R1_capped_incumbent,capped_leverage,none,completed,A2_median_scaled_euclidean,rmse,669.4381906118227,669.4381906118227,363.0249955277736,1711.557843821021,,,2,3884,72.06276214309037,71.38999719917774,0.0400850395325248,7.597824451505247e-13,1.381434778334008e-06,1942.0,0.0149188231988294,0.160019113044639
diamonds__task_233211,regression,29,0.2,lightgbm,R1_capped_incumbent,capped_leverage,none,completed,A2_median_scaled_euclidean,rmse,600.4221026610956,600.4221026610956,327.2751971775994,1513.5711062265743,,,2,7767,72.79937692172825,72.0825410131365,0.0226460171562373,3.009260889590576e-12,1.280660469377391e-06,3883.5,0.029834363540355,0.3199888879592261
diamonds__task_233211,regression,47,0.05,lightgbm,R1_capped_incumbent,capped_leverage,none,completed,A2_median_scaled_euclidean,rmse,801.1518921664161,801.1518921664161,427.33882946341873,2047.970810224788,,,2,1942,82.33461892791092,81.64911341108382,0.053493882620626,2.6051207794681592e-12,1.983210018212869e-06,971.0,0.0119715819547371,0.0755829503055846
diamonds__task_233211,regression,47,0.1,lightgbm,R1_capped_incumbent,capped_leverage,none,completed,A2_median_scaled_euclidean,rmse,688.6072425901431,688.6072425901431,373.8944134498744,1768.9181719247483,,,2,3884,74.86696938425303,74.13270065933466,0.0327572854186599,3.0286098987745225e-12,2.3955895587668943e-06,1942.0,0.0239426899941561,0.1511532911546881
diamonds__task_233211,regression,47,0.2,lightgbm,R1_capped_incumbent,capped_leverage,none,completed,A2_median_scaled_euclidean,rmse,608.5928667868659,608.5928667868659,334.5636513345106,1538.1177579210428,,,2,7767,75.80016712099314,75.13526886329055,0.0211516012011082,6.381165768598312e-13,2.3368546416870086e-06,3883.5,0.0478794182178048,0.302273057854191
OnlineNewsPopularity__task_359941,regression,11,0.05,lightgbm,R1_capped_incumbent,capped_leverage,none,completed,A6_cosine_negative_control,rmse,16000.0409458114,16000.0409458114,4656.199671432846,21202.91226870416,,,2,1427,65.05698029138148,64.48612431064248,0.2395472592950393,7.78367688878501e-12,1.983210018212869e-06,713.5,0.0056478746438292,0.1058204596655249
OnlineNewsPopularity__task_359941,regression,11,0.1,lightgbm,R1_capped_incumbent,capped_leverage,none,completed,A6_cosine_negative_control,rmse,15908.130369299455,15908.130369299455,4404.679111048408,20159.000481414903,,,2,2854,72.93911766074598,72.18663845770061,0.7220951142001166,4.397544221716623e-12,2.3368546416870086e-06,1427.0,0.0112957492876585,0.2116409193310498
OnlineNewsPopularity__task_359941,regression,11,0.2,lightgbm,R1_capped_incumbent,capped_leverage,none,completed,A6_cosine_negative_control,rmse,15698.275103575228,15698.275103575228,3787.821581270505,18620.76640788816,,,2,5709,60.54243633709848,59.77136290445924,0.2925491370043437,5.1061875411943016e-12,2.161966224933945e-06,2854.5,0.022592710052687,0.4232678010124285
OnlineNewsPopularity__task_359941,regression,29,0.05,lightgbm,R1_capped_incumbent,capped_leverage,none,completed,A2_median_scaled_euclidean,rmse,15728.20707060418,15728.20707060418,3780.3578181129305,18533.500277419196,,,1,1427,61.70593463256955,61.21299097314477,0.3181003517549302,1.0863918089617956e-11,2.2588727439225506e-06,1427.0,0.007689304016282,0.1150020325721357
OnlineNewsPopularity__task_359941,regression,29,0.1,lightgbm,R1_capped_incumbent,capped_leverage,none,completed,A2_median_scaled_euclidean,rmse,15673.3690693458,15673.3690693458,3470.4431591929865,18342.52406906358,,,1,2854,62.19886849820614,61.68698700517416,0.3082865446600177,9.167474561012765e-12,2.6998693283819165e-06,2854.0,0.0153786080325641,0.2300040651442714
OnlineNewsPopularity__task_359941,regression,29,0.2,lightgbm,R1_capped_incumbent,capped_leverage,none,completed,A2_median_scaled_euclidean,rmse,15432.933589741258,15432.933589741258,3211.1007263745337,17639.607806469885,,,1,5709,64.14303788542747,63.63958407007158,0.3108866536118016,3.782505088209122e-12,1.2074182697257331e-06,5709.0,0.0307626045052237,0.4600887203604223
OnlineNewsPopularity__task_359941,regression,47,0.05,lightgbm,R1_capped_incumbent,capped_leverage,none,completed,A2_median_scaled_euclidean,rmse,15699.228819005071,15699.228819005071,3678.690932133985,18550.36365447352,,,2,1427,78.47278529778123,77.76803158223629,1.6991424839921851,1.055885321162974e-11,2.2588727439225506e-06,713.5,0.0128462869922824,0.1060003059508953
OnlineNewsPopularity__task_359941,regression,47,0.1,lightgbm,R1_capped_incumbent,capped_leverage,none,completed,A2_median_scaled_euclidean,rmse,15573.106655560789,15573.106655560789,3313.494525476876,17316.065561971736,,,2,2854,79.97169695049524,79.24933360889554,0.7504982639505738,7.605917396288897e-12,2.545259792216354e-06,1427.0,0.0256925739845649,0.2120006119017906
OnlineNewsPopularity__task_359941,regression,47,0.2,lightgbm,R1_capped_incumbent,capped_leverage,none,completed,A2_median_scaled_euclidean,rmse,15537.797567345302,15537.797567345302,3346.898164049908,17487.560344702546,,,2,5709,80.92684150487185,80.09765522368252,0.2782432052760991,4.871614413376969e-12,2.8287139976620566e-06,2854.5,0.0513939562023201,0.4240708694647092
bank-marketing__task_359982,classification,11,0.05,lightgbm,R2_robust_mixture,robust_leverage_mixture,none,completed,A5_gmm_posterior,roc_auc,0.8931338727461148,,,,0.8931338727461148,0.3021725044410112,2,1628,86.58953754976392,85.73453261889517,0.0583385706229215,3.498245330661599e-12,2.0002028497841475e-06,814.0,0.0219111466045875,0.9122037713665916
bank-marketing__task_359982,classification,11,0.1,lightgbm,R2_robust_mixture,robust_leverage_mixture,none,completed,A6_cosine_negative_control,roc_auc,0.9098739429161714,,,,0.9098739429161714,0.2596056374849674,2,3255,80.03980299457908,79.03031420893967,0.0449086983818573,3.37431873483681e-12,2.630595133568349e-06,1627.5,0.0441398904111241,1.0
bank-marketing__task_359982,classification,11,0.2,lightgbm,R2_robust_mixture,robust_leverage_mixture,none,completed,A2_median_scaled_euclidean,roc_auc,0.9149887539489004,,,,0.9149887539489004,0.2278281511633779,2,6510,82.61018302105367,81.6114559378475,0.0280872085217954,2.465385386241724e-12,2.2352084245856024e-06,3255.0,0.0889432050545527,1.0
bank-marketing__task_359982,classification,29,0.05,lightgbm,R2_robust_mixture,robust_leverage_mixture,none,completed,A6_cosine_negative_control,roc_auc,0.8885819560412197,,,,0.8885819560412197,0.3097997388619863,2,1628,80.27115002088249,79.49795360676944,0.0753766756030867,7.229328062964916e-12,1.3499346641909582e-06,814.0,0.0249772405811118,0.5484739676306293
bank-marketing__task_359982,classification,29,0.1,lightgbm,R2_robust_mixture,robust_leverage_mixture,none,completed,A6_cosine_negative_control,roc_auc,0.9000907542831335,,,,0.9000907542831335,0.2701482387556645,2,3255,89.85232203640044,88.96704477444291,0.0567177982701703,6.588423622842092e-12,1.4574827811144603e-06,1627.5,0.0500431634919536,0.5969923660290225
bank-marketing__task_359982,classification,29,0.2,lightgbm,R2_robust_mixture,robust_leverage_mixture,none,completed,A6_cosine_negative_control,roc_auc,0.9168047864481176,,,,0.9168047864481176,0.2347067230984305,2,6510,85.13456985913217,84.18236976489425,0.0305515539664607,6.127368768336116e-12,2.488078739103125e-06,3255.0,0.1003116755222343,0.6940291628258092
bank-marketing__task_359982,classification,47,0.05,lightgbm,R2_robust_mixture,robust_leverage_mixture,none,completed,A2_median_scaled_euclidean,roc_auc,0.8749096362869426,,,,0.8749096362869426,0.341038154899227,2,1628,62.206869676709175,61.311523957178,0.0527334630615024,1.4521789002639998e-12,2.545259792216354e-06,814.0,0.019258540039085,1.0
bank-marketing__task_359982,classification,47,0.1,lightgbm,R2_robust_mixture,robust_leverage_mixture,none,completed,A2_median_scaled_euclidean,roc_auc,0.8974964221413939,,,,0.8974964221413939,0.271520493473524,2,3255,62.86688205972314,61.949964102357626,0.0323607001744277,1.4077147653910956e-12,2.175091266537212e-06,1627.5,0.0387146567787247,1.0
bank-marketing__task_359982,classification,47,0.2,lightgbm,R2_robust_mixture,robust_leverage_mixture,none,completed,A2_median_scaled_euclidean,roc_auc,0.9127793108639553,,,,0.9127793108639553,0.2438870202901057,2,6510,64.12482619658113,62.96797897107899,0.0238505838656327,3.968523088833693e-13,1.4574827811144603e-06,3255.0,0.0785377355513631,1.0
covertype__task_7593,classification,11,0.05,lightgbm,R2_robust_mixture,robust_leverage_mixture,none,completed,A2_median_scaled_euclidean,log_loss,0.7586535150473191,,,,,0.7586535150473191,3,2000,62.06834762729704,57.34387666918337,0.0218097765182915,1.4002318747816177e-12,1.3893228847796576e-06,666.6666666666666,0.0201769778868366,0.3927361485628128
covertype__task_7593,classification,11,0.1,lightgbm,R2_robust_mixture,robust_leverage_mixture,none,completed,A2_median_scaled_euclidean,log_loss,0.6876567867693489,,,,,0.6876567867693489,3,4000,62.291577303782105,56.90082648023963,0.0143872322968652,6.970122709785345e-13,1.6483567823731274e-06,1333.3333333333333,0.0404002893151399,0.645439398695776
covertype__task_7593,classification,11,0.2,lightgbm,R2_robust_mixture,robust_leverage_mixture,none,completed,A6_cosine_negative_control,log_loss,0.5814609936130994,,,,,0.5814609936130994,3,8000,63.080155758187175,57.39369893632829,0.0107872743952578,3.901193012393805e-13,2.019243275192537e-06,2666.6666666666665,0.0808543349594359,0.957137096529786
covertype__task_7593,classification,29,0.05,lightgbm,R2_robust_mixture,robust_leverage_mixture,none,completed,A2_median_scaled_euclidean,log_loss,0.8557765805466774,,,,,0.8557765805466774,2,2000,77.62499058432877,73.98927149176598,0.0134306847273123,4.541787024126527e-12,1.649364029438803e-06,1000.0,0.018950443039969,0.4952142864564937
covertype__task_7593,classification,29,0.1,lightgbm,R2_robust_mixture,robust_leverage_mixture,none,completed,A2_median_scaled_euclidean,log_loss,0.6854663456482831,,,,,0.6854663456482831,2,4000,72.46669083274901,68.64349872805178,0.0131223581758741,5.821524180858976e-12,2.326315363953327e-06,2000.0,0.0379548410130358,0.9276196241100512
covertype__task_7593,classification,29,0.2,lightgbm,R2_robust_mixture,robust_leverage_mixture,none,completed,A6_cosine_negative_control,log_loss,0.5600174314996832,,,,,0.5600174314996832,2,8000,68.95328167453408,65.03267804160714,0.0088780469514481,4.8314091675529295e-12,2.0913097891518726e-06,4000.0,0.0759771060259653,1.0
covertype__task_7593,classification,47,0.05,lightgbm,R2_robust_mixture,robust_leverage_mixture,none,completed,A6_cosine_negative_control,log_loss,0.8400854078473985,,,,,0.8400854078473985,2,2000,101.15569906681776,97.5651326160878,0.0258076227400201,5.7042949550693874e-12,2.0002028497841475e-06,1000.0,0.0218677470332623,0.5229115289412709
covertype__task_7593,classification,47,0.1,lightgbm,R2_robust_mixture,robust_leverage_mixture,none,completed,A6_cosine_negative_control,log_loss,0.674340900491246,,,,,0.674340900491246,2,4000,83.24982707388699,79.3785750400275,0.0153550906574245,3.801429098642309e-12,2.4148365394514667e-06,2000.0,0.0436692340263252,0.9365625428642056
covertype__task_7593,classification,47,0.2,lightgbm,R2_robust_mixture,robust_leverage_mixture,none,completed,A6_cosine_negative_control,log_loss,0.5709480606655228,,,,,0.5709480606655228,2,8000,72.70883500762284,68.30775131843984,0.0093973395942438,7.456294671922528e-12,2.2352084245856024e-06,4000.0,0.0874166861881989,1.0
diamonds__task_233211,regression,11,0.05,lightgbm,R2_robust_mixture,robust_leverage_mixture,none,completed,A6_cosine_negative_control,rmse,816.2605837373552,816.2605837373552,432.5220246876362,2117.85688119251,,,2,1942,73.77715883404016,73.15427837334573,0.054648661409021,1.9862575186367704e-12,2.6861976031968315e-06,971.0,0.0208254989427924,0.7768154644956191
diamonds__task_233211,regression,11,0.1,lightgbm,R2_robust_mixture,robust_leverage_mixture,none,completed,A2_median_scaled_euclidean,rmse,693.0919241132231,693.0919241132231,361.1719962653477,1729.7807699549835,,,2,3884,73.85715941153467,73.19166767597198,0.0406369891491612,1.807877431319176e-12,2.894602753726177e-06,1942.0,0.0417075803427278,1.0
diamonds__task_233211,regression,11,0.2,lightgbm,R2_robust_mixture,robust_leverage_mixture,none,completed,A6_cosine_negative_control,rmse,605.7187537591878,605.7187537591878,323.37150498156353,1518.9137877204296,,,2,7767,78.11836217343807,77.39079559221864,0.0202164783568117,4.353222281441405e-13,2.3368546416870086e-06,3883.5,0.0834897564792168,1.0
diamonds__task_233211,regression,29,0.05,lightgbm,R2_robust_mixture,robust_leverage_mixture,none,completed,A2_median_scaled_euclidean,rmse,793.1546299461277,793.1546299461277,429.1105999207343,2038.3452086813224,,,2,1942,72.27269747667015,71.61145477928221,0.0463996948453597,6.000274747417299e-12,2.175091266537212e-06,971.0,0.0179685047861056,0.8187467713719317
diamonds__task_233211,regression,29,0.1,lightgbm,R2_robust_mixture,robust_leverage_mixture,none,completed,A2_median_scaled_euclidean,rmse,657.5712469575584,657.5712469575584,361.2110956444986,1671.4496099637406,,,2,3884,72.6879723481834,71.96817836351693,0.0373344775068789,3.4102520047840296e-12,1.1294363719612753e-06,1942.0,0.0359762178868407,1.0
diamonds__task_233211,regression,29,0.2,lightgbm,R2_robust_mixture,robust_leverage_mixture,none,completed,A2_median_scaled_euclidean,rmse,610.1889466361729,610.1889466361729,332.0865930646647,1539.311262963986,,,2,7767,73.15787887014449,72.44575922377408,0.0217577188672812,4.364303707584172e-12,2.2530731643016697e-06,3883.5,0.0720139144505881,1.0
diamonds__task_233211,regression,47,0.05,lightgbm,R2_robust_mixture,robust_leverage_mixture,none,completed,A2_median_scaled_euclidean,rmse,828.2275110740019,828.2275110740019,447.31673387939367,2150.487896584058,,,2,1942,74.39053474739194,73.70764025114477,0.0509162911943847,3.301662227305096e-13,1.4574827811144603e-06,971.0,0.0212889802789372,0.9366944346517858
diamonds__task_233211,regression,47,0.1,lightgbm,R2_robust_mixture,robust_leverage_mixture,none,completed,A2_median_scaled_euclidean,rmse,716.9302398482946,716.9302398482946,385.49112168376274,1835.6836123150856,,,2,3884,74.10172265954316,73.43113722465932,0.0358358962201576,4.227001461153239e-12,2.4793710361522337e-06,1942.0,0.0426409713454734,1.0
diamonds__task_233211,regression,47,0.2,lightgbm,R2_robust_mixture,robust_leverage_mixture,none,completed,A2_median_scaled_euclidean,rmse,622.0022180986302,622.0022180986302,339.2917995554409,1573.6379508779755,,,2,7767,75.91065072268248,75.2606150675565,0.0199871391881453,1.5087021508151956e-12,1.9468079364612824e-06,3883.5,0.0853784409442506,1.0
OnlineNewsPopularity__task_359941,regression,11,0.05,lightgbm,R2_robust_mixture,robust_leverage_mixture,none,completed,A2_median_scaled_euclidean,rmse,15620.568877341297,15620.568877341297,3742.98867925749,18191.70963377993,,,2,1427,59.1201230250299,58.48167126439512,0.1234577376187565,2.29812851814769e-12,2.557352933916692e-06,713.5,0.0169492056462689,1.0
OnlineNewsPopularity__task_359941,regression,11,0.1,lightgbm,R2_robust_mixture,robust_leverage_mixture,none,completed,A6_cosine_negative_control,rmse,15957.874739899757,15957.874739899757,4092.7233442592897,20434.37767762411,,,2,2854,59.335255002602935,58.570565577596426,0.061451961832033,2.672484742524831e-12,2.4510378813166933e-06,1427.0,0.0342742245728314,1.0
OnlineNewsPopularity__task_359941,regression,11,0.2,lightgbm,R2_robust_mixture,robust_leverage_mixture,none,completed,A2_median_scaled_euclidean,rmse,15949.67320545254,15949.67320545254,4119.815823779864,20746.10217888421,,,2,5709,61.12682963721454,60.37773293443024,0.0454288795689537,3.874747000288916e-12,1.7850445613114854e-06,2854.5,0.0695198983620265,1.0
OnlineNewsPopularity__task_359941,regression,29,0.05,lightgbm,R2_robust_mixture,robust_leverage_mixture,none,completed,A2_median_scaled_euclidean,rmse,15809.736673422292,15809.736673422292,3701.7694575750247,19059.174880459635,,,1,1427,61.51371553353965,61.04185474663973,0.0771289967434892,2.098330963357425e-11,8.537736462515939e-07,1427.0,0.018402621085368,1.0
OnlineNewsPopularity__task_359941,regression,29,0.1,lightgbm,R2_robust_mixture,robust_leverage_mixture,none,completed,A2_median_scaled_euclidean,rmse,15819.875322637725,15819.875322637725,3737.48231121617,20003.39839317601,,,1,2854,81.26159308664501,80.75348239950836,0.0530961321751919,2.8075097591032876e-11,2.831646840510158e-06,2854.0,0.0373672860036658,1.0
OnlineNewsPopularity__task_359941,regression,29,0.2,lightgbm,R2_robust_mixture,robust_leverage_mixture,none,completed,A2_median_scaled_euclidean,rmse,15842.349059365206,15842.349059365206,3697.025505532992,19772.80148526956,,,1,5709,66.25051075778902,65.77062286436558,0.0281446857356717,1.3203020572454227e-11,2.4148365394514667e-06,5709.0,0.0760726344369604,1.0
OnlineNewsPopularity__task_359941,regression,47,0.05,lightgbm,R2_robust_mixture,robust_leverage_mixture,none,completed,A2_median_scaled_euclidean,rmse,15643.299713597746,15643.299713597746,3551.7821523434363,17497.060005942436,,,2,1427,80.85179155133665,80.16620982252061,0.1309365818795393,1.7025295967551485e-11,2.69648388963247e-06,713.5,0.0215333815986084,0.7332194697940242
OnlineNewsPopularity__task_359941,regression,47,0.1,lightgbm,R2_robust_mixture,robust_leverage_mixture,none,completed,A2_median_scaled_euclidean,rmse,15643.745270989462,15643.745270989462,3721.7686877447422,18821.760230027023,,,2,2854,79.90695174597204,79.14985583163798,0.0840900742918738,4.357597045356446e-12,2.3044826193991696e-06,1427.0,0.0435317396851703,0.9664389395880484
OnlineNewsPopularity__task_359941,regression,47,0.2,lightgbm,R2_robust_mixture,robust_leverage_mixture,none,completed,A2_median_scaled_euclidean,rmse,15626.572000604783,15626.572000604783,3605.7866936735154,18055.961841806475,,,2,5709,80.05138963460922,79.28772980719805,0.0601629697900828,5.253234465772173e-12,2.0002028497841475e-06,2854.5,0.0884222742504329,1.0
bank-marketing__task_359982,classification,11,0.05,lightgbm,R3_robust_mixture_ipw,robust_leverage_mixture,inverse_probability,completed,A5_gmm_posterior,roc_auc,0.8953073360422328,,,,0.8953073360422328,0.2975999727012898,2,1628,79.20236855000257,78.39914646558464,0.0583385706229215,3.498245330661599e-12,2.0002028497841475e-06,736.8461155744349,0.0219111466045875,0.9122037713665916
bank-marketing__task_359982,classification,11,0.1,lightgbm,R3_robust_mixture_ipw,robust_leverage_mixture,inverse_probability,completed,A6_cosine_negative_control,roc_auc,0.9075698161764184,,,,0.9075698161764184,0.2670064148506173,2,3255,79.07200458087027,78.05560233257711,0.0449086983818573,3.37431873483681e-12,2.630595133568349e-06,1480.430760609207,0.0441398904111241,1.0
bank-marketing__task_359982,classification,11,0.2,lightgbm,R3_robust_mixture_ipw,robust_leverage_mixture,inverse_probability,completed,A2_median_scaled_euclidean,roc_auc,0.915954527227942,,,,0.915954527227942,0.2283342952358025,2,6510,80.43009242042899,79.4167315363884,0.0280872085217954,2.465385386241724e-12,2.2352084245856024e-06,2987.196129858362,0.0889432050545527,1.0
bank-marketing__task_359982,classification,29,0.05,lightgbm,R3_robust_mixture_ipw,robust_leverage_mixture,inverse_probability,completed,A6_cosine_negative_control,roc_auc,0.8861978216131539,,,,0.8861978216131539,0.308505259004855,2,1628,82.4862938374281,81.6408411487937,0.0753766756030867,7.229328062964916e-12,1.3499346641909582e-06,765.8321404225387,0.0249772405811118,0.5484739676306293
bank-marketing__task_359982,classification,29,0.1,lightgbm,R3_robust_mixture_ipw,robust_leverage_mixture,inverse_probability,completed,A6_cosine_negative_control,roc_auc,0.9019517615183849,,,,0.9019517615183849,0.2674363759776711,2,3255,82.89953176490963,81.96894661150873,0.0567177982701703,6.588423622842092e-12,1.4574827811144603e-06,1528.1996852565642,0.0500431634919536,0.5969923660290225
bank-marketing__task_359982,classification,29,0.2,lightgbm,R3_robust_mixture_ipw,robust_leverage_mixture,inverse_probability,completed,A6_cosine_negative_control,roc_auc,0.915645858513268,,,,0.915645858513268,0.2382610958592482,2,6510,83.52355384267867,82.59832578711212,0.0305515539664607,6.127368768336116e-12,2.488078739103125e-06,3069.3611486431914,0.1003116755222343,0.6940291628258092
bank-marketing__task_359982,classification,47,0.05,lightgbm,R3_robust_mixture_ipw,robust_leverage_mixture,inverse_probability,completed,A2_median_scaled_euclidean,roc_auc,0.8727229172791515,,,,0.8727229172791515,0.342130052785888,2,1628,60.83743857592344,60.00279604271054,0.0527334630615024,1.4521789002639998e-12,2.545259792216354e-06,710.1573904081073,0.019258540039085,1.0
bank-marketing__task_359982,classification,47,0.1,lightgbm,R3_robust_mixture_ipw,robust_leverage_mixture,inverse_probability,completed,A2_median_scaled_euclidean,roc_auc,0.9007298689530876,,,,0.9007298689530876,0.2738766173160402,2,3255,61.51751457154751,60.62479900568724,0.0323607001744277,1.4077147653910956e-12,2.175091266537212e-06,1416.1427946065503,0.0387146567787247,1.0
bank-marketing__task_359982,classification,47,0.2,lightgbm,R3_robust_mixture_ipw,robust_leverage_mixture,inverse_probability,completed,A2_median_scaled_euclidean,roc_auc,0.916073355214726,,,,0.916073355214726,0.2384656117778315,2,6510,62.383253540843725,61.304916774854064,0.0238505838656327,3.968523088833693e-13,1.4574827811144603e-06,2865.368474711639,0.0785377355513631,1.0
covertype__task_7593,classification,11,0.05,lightgbm,R3_robust_mixture_ipw,robust_leverage_mixture,inverse_probability,completed,A2_median_scaled_euclidean,log_loss,0.7552453085612661,,,,,0.7552453085612661,3,2000,62.08227499574423,57.05928925797343,0.0218097765182915,1.4002318747816177e-12,1.3893228847796576e-06,592.426691263724,0.0201769778868366,0.3927361485628128
covertype__task_7593,classification,11,0.1,lightgbm,R3_robust_mixture_ipw,robust_leverage_mixture,inverse_probability,completed,A2_median_scaled_euclidean,log_loss,0.6838797171425312,,,,,0.6838797171425312,3,4000,62.61312516778708,57.02435262314975,0.0143872322968652,6.970122709785345e-13,1.6483567823731274e-06,1187.752519464717,0.0404002893151399,0.645439398695776
covertype__task_7593,classification,11,0.2,lightgbm,R3_robust_mixture_ipw,robust_leverage_mixture,inverse_probability,completed,A6_cosine_negative_control,log_loss,0.5844102566806166,,,,,0.5844102566806166,3,8000,63.43439696915448,57.42617353238165,0.0107872743952578,3.901193012393805e-13,2.019243275192537e-06,2366.979366152625,0.0808543349594359,0.957137096529786
covertype__task_7593,classification,29,0.05,lightgbm,R3_robust_mixture_ipw,robust_leverage_mixture,inverse_probability,completed,A2_median_scaled_euclidean,log_loss,0.8588657604760956,,,,,0.8588657604760956,2,2000,66.53711389936507,62.64014538191259,0.0134306847273123,4.541787024126527e-12,1.649364029438803e-06,901.9572151839818,0.018950443039969,0.4952142864564937
covertype__task_7593,classification,29,0.1,lightgbm,R3_robust_mixture_ipw,robust_leverage_mixture,inverse_probability,completed,A2_median_scaled_euclidean,log_loss,0.6962519103171756,,,,,0.6962519103171756,2,4000,68.7699832264334,64.71802445314825,0.0131223581758741,5.821524180858976e-12,2.326315363953327e-06,1798.1213073459455,0.0379548410130358,0.9276196241100512
covertype__task_7593,classification,29,0.2,lightgbm,R3_robust_mixture_ipw,robust_leverage_mixture,inverse_probability,completed,A6_cosine_negative_control,log_loss,0.5647518217370795,,,,,0.5647518217370795,2,8000,67.09948593564332,62.96221479959786,0.0088780469514481,4.8314091675529295e-12,2.0913097891518726e-06,3590.574420244153,0.0759771060259653,1.0
covertype__task_7593,classification,47,0.05,lightgbm,R3_robust_mixture_ipw,robust_leverage_mixture,inverse_probability,completed,A6_cosine_negative_control,log_loss,0.8355893236355348,,,,,0.8355893236355348,2,2000,71.13246307708323,67.11173804849386,0.0258076227400201,5.7042949550693874e-12,2.0002028497841475e-06,908.5582901864312,0.0218677470332623,0.5229115289412709
covertype__task_7593,classification,47,0.1,lightgbm,R3_robust_mixture_ipw,robust_leverage_mixture,inverse_probability,completed,A6_cosine_negative_control,log_loss,0.677619688049697,,,,,0.677619688049697,2,4000,71.75828757882118,67.71587474830449,0.0153550906574245,3.801429098642309e-12,2.4148365394514667e-06,1815.9674997430225,0.0436692340263252,0.9365625428642056
covertype__task_7593,classification,47,0.2,lightgbm,R3_robust_mixture_ipw,robust_leverage_mixture,inverse_probability,completed,A6_cosine_negative_control,log_loss,0.569270477916548,,,,,0.569270477916548,2,8000,71.65248348377645,67.90811255946755,0.0093973395942438,7.456294671922528e-12,2.2352084245856024e-06,3637.620883145628,0.0874166861881989,1.0
diamonds__task_233211,regression,11,0.05,lightgbm,R3_robust_mixture_ipw,robust_leverage_mixture,inverse_probability,completed,A2_median_scaled_euclidean,rmse,809.4847248061083,809.4847248061083,433.5338070461325,2085.3644055541,,,2,1942,74.20336642302573,73.63076613657176,0.054648661409021,1.9862575186367704e-12,2.6861976031968315e-06,934.9912094519996,0.0208254989427924,0.7768154644956191
diamonds__task_233211,regression,11,0.1,lightgbm,R3_robust_mixture_ipw,robust_leverage_mixture,inverse_probability,completed,A2_median_scaled_euclidean,rmse,676.1903331724911,676.1903331724911,358.0793423197439,1697.3045447881616,,,2,3884,73.74155778065324,73.07017079181969,0.0406369891491612,1.807877431319176e-12,2.894602753726177e-06,1866.3433978134908,0.0417075803427278,1.0
diamonds__task_233211,regression,11,0.2,lightgbm,R3_robust_mixture_ipw,robust_leverage_mixture,inverse_probability,completed,A6_cosine_negative_control,rmse,592.9025843896329,592.9025843896329,321.8709647333615,1493.2437181707069,,,2,7767,73.18103920668364,72.50257030129433,0.0202164783568117,4.353222281441405e-13,2.3368546416870086e-06,3737.4199913859225,0.0834897564792168,1.0
diamonds__task_233211,regression,29,0.05,lightgbm,R3_robust_mixture_ipw,robust_leverage_mixture,inverse_probability,completed,A2_median_scaled_euclidean,rmse,811.6702926335505,811.6702926335505,432.7211936353493,2065.680147277814,,,2,1942,72.65003454312682,71.9993561245501,0.0463996948453597,6.000274747417299e-12,2.175091266537212e-06,920.4531963739742,0.0179685047861056,0.8187467713719317
diamonds__task_233211,regression,29,0.1,lightgbm,R3_robust_mixture_ipw,robust_leverage_mixture,inverse_probability,completed,A2_median_scaled_euclidean,rmse,660.1373020400852,660.1373020400852,362.3289028833864,1666.894246161291,,,2,3884,73.25614239647985,72.50407153181732,0.0373344775068789,3.4102520047840296e-12,1.1294363719612753e-06,1840.7579170144277,0.0359762178868407,1.0
diamonds__task_233211,regression,29,0.2,lightgbm,R3_robust_mixture_ipw,robust_leverage_mixture,inverse_probability,completed,A2_median_scaled_euclidean,rmse,612.6804590593918,612.6804590593918,333.12655363935335,1544.8919230200884,,,2,7767,75.88977668248117,75.13416599109769,0.0217577188672812,4.364303707584172e-12,2.2530731643016697e-06,3696.943309795427,0.0720139144505881,1.0
diamonds__task_233211,regression,47,0.05,lightgbm,R3_robust_mixture_ipw,robust_leverage_mixture,inverse_probability,completed,A2_median_scaled_euclidean,rmse,815.2323753197151,815.2323753197151,441.8600829957232,2109.6431627707334,,,2,1942,75.85836086049676,75.21398594230413,0.0509162911943847,3.301662227305096e-13,1.4574827811144603e-06,932.0992098111265,0.0212889802789372,0.9366944346517858
diamonds__task_233211,regression,47,0.1,lightgbm,R3_robust_mixture_ipw,robust_leverage_mixture,inverse_probability,completed,A2_median_scaled_euclidean,rmse,722.1161279856794,722.1161279856794,385.9260708549949,1845.892980573956,,,2,3884,77.07686238922179,76.34993816912174,0.0358358962201576,4.227001461153239e-12,2.4793710361522337e-06,1868.5554897649445,0.0426409713454734,1.0
diamonds__task_233211,regression,47,0.2,lightgbm,R3_robust_mixture_ipw,robust_leverage_mixture,inverse_probability,completed,A2_median_scaled_euclidean,rmse,619.7993702832435,619.7993702832435,335.0652740505479,1557.5309273563648,,,2,7767,75.94754400290549,75.26173222064972,0.0199871391881453,1.5087021508151956e-12,1.9468079364612824e-06,3738.461972337871,0.0853784409442506,1.0
OnlineNewsPopularity__task_359941,regression,11,0.05,lightgbm,R3_robust_mixture_ipw,robust_leverage_mixture,inverse_probability,completed,A2_median_scaled_euclidean,rmse,15552.61566289092,15552.61566289092,3526.956503871917,17509.51467984363,,,2,1427,59.57120470888913,58.996897637844086,0.1234577376187565,2.29812851814769e-12,2.557352933916692e-06,611.1108204769569,0.0169492056462689,1.0
OnlineNewsPopularity__task_359941,regression,11,0.1,lightgbm,R3_robust_mixture_ipw,robust_leverage_mixture,inverse_probability,completed,A6_cosine_negative_control,rmse,16146.906717331369,16146.906717331369,4262.894528743262,21588.53487695873,,,2,2854,58.65516852214933,57.88815034925938,0.061451961832033,2.672484742524831e-12,2.4510378813166933e-06,1235.457401421862,0.0342742245728314,1.0
OnlineNewsPopularity__task_359941,regression,11,0.2,lightgbm,R3_robust_mixture_ipw,robust_leverage_mixture,inverse_probability,completed,A2_median_scaled_euclidean,rmse,16013.185715142896,16013.185715142896,4072.909731712765,21205.139135224297,,,2,5709,59.33918766863644,58.552967267110944,0.0454288795689537,3.874747000288916e-12,1.7850445613114854e-06,2489.8185832064246,0.0695198983620265,1.0
OnlineNewsPopularity__task_359941,regression,29,0.05,lightgbm,R3_robust_mixture_ipw,robust_leverage_mixture,inverse_probability,completed,A2_median_scaled_euclidean,rmse,15938.950371248353,15938.950371248353,3843.2248705620873,20397.95315527944,,,1,1427,62.29065916314721,61.81961337290704,0.0771289967434892,2.098330963357425e-11,8.537736462515939e-07,1193.04221237127,0.018402621085368,1.0
OnlineNewsPopularity__task_359941,regression,29,0.1,lightgbm,R3_robust_mixture_ipw,robust_leverage_mixture,inverse_probability,completed,A2_median_scaled_euclidean,rmse,15798.497285681991,15798.497285681991,3729.080464103157,19567.099505412025,,,1,2854,61.738920364528894,61.20254174619913,0.0530961321751919,2.8075097591032876e-11,2.831646840510158e-06,2413.893085134384,0.0373672860036658,1.0
OnlineNewsPopularity__task_359941,regression,29,0.2,lightgbm,R3_robust_mixture_ipw,robust_leverage_mixture,inverse_probability,completed,A2_median_scaled_euclidean,rmse,15840.902117222024,15840.902117222024,3714.7465869607768,20131.119179267884,,,1,5709,63.49715043976903,62.96713032014668,0.0281446857356717,1.3203020572454227e-11,2.4148365394514667e-06,4934.581888388324,0.0760726344369604,1.0
OnlineNewsPopularity__task_359941,regression,47,0.05,lightgbm,R3_robust_mixture_ipw,robust_leverage_mixture,inverse_probability,completed,A2_median_scaled_euclidean,rmse,15596.337066539129,15596.337066539129,3401.730017744337,17589.978611649232,,,2,1427,80.48518568836153,79.78661488741636,0.1309365818795393,1.7025295967551485e-11,2.69648388963247e-06,612.9472546775306,0.0215333815986084,0.7332194697940242
OnlineNewsPopularity__task_359941,regression,47,0.1,lightgbm,R3_robust_mixture_ipw,robust_leverage_mixture,inverse_probability,completed,A2_median_scaled_euclidean,rmse,15657.526284022082,15657.526284022082,3761.5482710529054,19285.75208813912,,,2,2854,78.629079695791,77.81630582921207,0.0840900742918738,4.357597045356446e-12,2.3044826193991696e-06,1236.827575262293,0.0435317396851703,0.9664389395880484
OnlineNewsPopularity__task_359941,regression,47,0.2,lightgbm,R3_robust_mixture_ipw,robust_leverage_mixture,inverse_probability,completed,A2_median_scaled_euclidean,rmse,15765.81439039428,15765.81439039428,3704.255049218109,19001.60637865652,,,2,5709,79.21742743998766,78.40434029325843,0.0601629697900828,5.253234465772173e-12,2.0002028497841475e-06,2513.4522200038364,0.0884222742504329,1.0
bank-marketing__task_359982,classification,11,0.05,lightgbm,R4_ridge_leverage_ipw,saturated_ridge_leverage,inverse_probability,completed,A2_median_scaled_euclidean,roc_auc,0.8809045318911117,,,,0.8809045318911117,0.3338457233350295,2,1628,79.43655309081078,78.62083819136024,0.0692919544179644,3.729533913220665e-12,2.37037137546329e-06,685.8937347659365,0.012817644384719,1.0
bank-marketing__task_359982,classification,11,0.1,lightgbm,R4_ridge_leverage_ipw,saturated_ridge_leverage,inverse_probability,completed,A5_gmm_posterior,roc_auc,0.8967280642826271,,,,0.8967280642826271,0.299604406710075,2,3255,80.55289788357913,79.59825469180942,0.0490630872470276,3.842329207083483e-12,2.134434115628985e-06,1360.1014129509422,0.0256578984857091,1.0
bank-marketing__task_359982,classification,11,0.2,lightgbm,R4_ridge_leverage_ipw,saturated_ridge_leverage,inverse_probability,completed,A2_median_scaled_euclidean,roc_auc,0.9144840900687736,,,,0.9144840900687736,0.2403019770537634,2,6510,82.00554328970611,80.97669115103781,0.0248009521936443,3.253651318481523e-12,2.4100968413386665e-06,2743.913243922272,0.0519199600136893,1.0
bank-marketing__task_359982,classification,29,0.05,lightgbm,R4_ridge_leverage_ipw,saturated_ridge_leverage,inverse_probability,completed,A6_cosine_negative_control,roc_auc,0.8836323679861307,,,,0.8836323679861307,0.3233599612434757,2,1628,80.1571789458394,79.38152742385864,0.0964435159734698,2.8185626144983257e-12,2.2588727439225506e-06,725.6480144478329,0.016863190254839,1.0
bank-marketing__task_359982,classification,29,0.1,lightgbm,R4_ridge_leverage_ipw,saturated_ridge_leverage,inverse_probability,completed,A6_cosine_negative_control,roc_auc,0.9038042472247038,,,,0.9038042472247038,0.2830762548806316,2,3255,80.72072465345263,79.7928863465786,0.0514661392205423,7.529222616501323e-12,1.983210018212869e-06,1455.5756415040432,0.0338286894988129,1.0
bank-marketing__task_359982,classification,29,0.2,lightgbm,R4_ridge_leverage_ipw,saturated_ridge_leverage,inverse_probability,completed,A5_gmm_posterior,roc_auc,0.91392356283231,,,,0.91392356283231,0.2420681901026561,2,6510,84.16800796426833,83.21015288308263,0.0405832442946941,5.7173696198154404e-12,2.7532021870791245e-06,2914.861194951293,0.0682001190965826,1.0
bank-marketing__task_359982,classification,47,0.05,lightgbm,R4_ridge_leverage_ipw,saturated_ridge_leverage,inverse_probability,completed,A2_median_scaled_euclidean,roc_auc,0.8653375922041265,,,,0.8653375922041265,0.3539082039192179,2,1628,61.740371610969305,60.86902446299791,0.0669100302954706,2.4291320260078878e-12,1.983210018212869e-06,652.2747827810535,0.0075671142620192,0.8557196377206862
bank-marketing__task_359982,classification,47,0.1,lightgbm,R4_ridge_leverage_ipw,saturated_ridge_leverage,inverse_probability,completed,A2_median_scaled_euclidean,roc_auc,0.8971692901140322,,,,0.8971692901140322,0.3014075663382969,2,3255,62.617320250719786,61.69168100692332,0.0413091568196549,1.0834775372215188e-12,1.280660469377391e-06,1295.7164377456645,0.015209280874587,1.0
bank-marketing__task_359982,classification,47,0.2,lightgbm,R4_ridge_leverage_ipw,saturated_ridge_leverage,inverse_probability,completed,A2_median_scaled_euclidean,roc_auc,0.9066840505856896,,,,0.9066840505856896,0.2487433614454112,2,6510,62.245235700160265,61.19987098127604,0.0230918902756618,3.7668975879487037e-13,1.9468079364612824e-06,2626.810049742614,0.0309272208884997,1.0
covertype__task_7593,classification,11,0.05,lightgbm,R4_ridge_leverage_ipw,saturated_ridge_leverage,inverse_probability,completed,A2_median_scaled_euclidean,log_loss,0.7819900066171412,,,,,0.7819900066171412,3,2000,62.1346305757761,57.71811940521002,0.0333453660882228,5.365487215632142e-13,2.082247141838844e-06,510.83352461122985,0.0083064131500383,0.5965743506538531
covertype__task_7593,classification,11,0.1,lightgbm,R4_ridge_leverage_ipw,saturated_ridge_leverage,inverse_probability,completed,A6_cosine_negative_control,log_loss,0.7377435718660815,,,,,0.7377435718660815,3,4000,73.25695866718888,67.50533885322511,0.0149546216384016,2.929189690602534e-12,7.77517659907564e-07,1006.7855147571062,0.0166582250382802,0.8609906439912224
covertype__task_7593,classification,11,0.2,lightgbm,R4_ridge_leverage_ipw,saturated_ridge_leverage,inverse_probability,completed,A2_median_scaled_euclidean,log_loss,0.6938497305915317,,,,,0.6938497305915317,3,8000,75.35992503538728,69.35516486503184,0.0081957882644812,1.3764418402093986e-12,1.8263950110131311e-06,2047.9262419793224,0.0336719614457691,1.0
covertype__task_7593,classification,29,0.05,lightgbm,R4_ridge_leverage_ipw,saturated_ridge_leverage,inverse_probability,completed,A2_median_scaled_euclidean,log_loss,0.8213155050628435,,,,,0.8213155050628435,2,2000,70.80763839185238,67.02775701321661,0.0243983784552321,1.1896504089724042e-11,2.0839843271694865e-06,805.0915127646231,0.0093139620939939,0.8685587414560827
covertype__task_7593,classification,29,0.1,lightgbm,R4_ridge_leverage_ipw,saturated_ridge_leverage,inverse_probability,completed,A6_cosine_negative_control,log_loss,0.6989550301360098,,,,,0.6989550301360098,2,4000,66.68012519553304,62.82704758644104,0.0124616283601503,2.8090379232784464e-12,1.8994285408275304e-06,1633.1164999137789,0.018659289250235,1.0
covertype__task_7593,classification,29,0.2,lightgbm,R4_ridge_leverage_ipw,saturated_ridge_leverage,inverse_probability,completed,A6_cosine_negative_control,log_loss,0.5746920407487927,,,,,0.5746920407487927,2,8000,78.21355223096907,73.77683158777654,0.0103261067307353,6.160414960972571e-12,1.733145506824142e-06,3230.3467883484955,0.0374028362383076,1.0
covertype__task_7593,classification,47,0.05,lightgbm,R4_ridge_leverage_ipw,saturated_ridge_leverage,inverse_probability,completed,A6_cosine_negative_control,log_loss,0.886592667676438,,,,,0.886592667676438,2,2000,72.30466275289655,68.37276538275182,0.0301241617171224,4.077377325453744e-12,2.3368546416870086e-06,803.3533963102326,0.0105192090791777,0.90004163220781
covertype__task_7593,classification,47,0.1,lightgbm,R4_ridge_leverage_ipw,saturated_ridge_leverage,inverse_probability,completed,A6_cosine_negative_control,log_loss,0.6922892550910982,,,,,0.6922892550910982,2,4000,71.59891095943749,67.22225965000689,0.0165548589705372,5.74828207687443e-12,2.134434115628985e-06,1611.176447627286,0.0210168786952578,1.0
covertype__task_7593,classification,47,0.2,lightgbm,R4_ridge_leverage_ipw,saturated_ridge_leverage,inverse_probability,completed,A6_cosine_negative_control,log_loss,0.5809333166877301,,,,,0.5809333166877301,2,8000,82.02748942002654,77.79278572648764,0.0113091967860047,5.0630871296616886e-12,1.808321601459805e-06,3208.250341015486,0.0421599260871115,1.0
diamonds__task_233211,regression,11,0.05,lightgbm,R4_ridge_leverage_ipw,saturated_ridge_leverage,inverse_probability,completed,A2_median_scaled_euclidean,rmse,795.5709239479572,795.5709239479572,429.2128575775235,2031.0244231412264,,,2,1942,76.8213204946369,76.17573606967926,0.0553523236839883,4.613601141619236e-13,2.831646840510158e-06,896.9848422263769,0.0115767065691285,0.9634274391914228
diamonds__task_233211,regression,11,0.1,lightgbm,R4_ridge_leverage_ipw,saturated_ridge_leverage,inverse_probability,completed,A6_cosine_negative_control,rmse,679.1489743840377,679.1489743840377,356.929979743259,1721.22919499233,,,2,3884,76.7253589052707,76.06221956945956,0.0346589093519078,1.1036304414864417e-12,2.7594398028484894e-06,1778.199718042608,0.0231817474177616,1.0
diamonds__task_233211,regression,11,0.2,lightgbm,R4_ridge_leverage_ipw,saturated_ridge_leverage,inverse_probability,completed,A6_cosine_negative_control,rmse,597.3653567108731,597.3653567108731,325.7899051116483,1507.5913887196828,,,2,7767,74.51185240596533,73.8866048976779,0.0330598503009184,5.815925784469711e-13,2.831646840510158e-06,3576.6582114823987,0.0464099415832447,1.0
diamonds__task_233211,regression,29,0.05,lightgbm,R4_ridge_leverage_ipw,saturated_ridge_leverage,inverse_probability,completed,A2_median_scaled_euclidean,rmse,810.0921830891497,810.0921830891497,436.0446474664022,2059.986087337456,,,2,1942,72.00250829942524,71.36527270823717,0.0382593604006912,1.7229752152068993e-12,2.175091266537212e-06,864.8269172833297,0.0084519110314716,1.0
diamonds__task_233211,regression,29,0.1,lightgbm,R4_ridge_leverage_ipw,saturated_ridge_leverage,inverse_probability,completed,A2_median_scaled_euclidean,rmse,678.7796007037523,678.7796007037523,369.2799769274532,1710.6988853772891,,,2,3884,72.11963937804103,71.46384948305786,0.052631185482638,3.930860786056687e-12,2.0002028497841475e-06,1704.4499105129898,0.0169311965838863,1.0
diamonds__task_233211,regression,29,0.2,lightgbm,R4_ridge_leverage_ipw,saturated_ridge_leverage,inverse_probability,completed,A2_median_scaled_euclidean,rmse,595.5706418253633,595.5706418253633,323.2605362837496,1487.9770658349532,,,2,7767,72.67409750446677,71.98354512453079,0.0220360700675972,6.159235248046137e-12,2.2588727439225506e-06,3474.191210997074,0.0339001702117575,1.0
diamonds__task_233211,regression,47,0.05,lightgbm,R4_ridge_leverage_ipw,saturated_ridge_leverage,inverse_probability,completed,A2_median_scaled_euclidean,rmse,835.8674779794122,835.8674779794122,438.7895125331645,2119.144204334484,,,2,1942,73.87545276805758,73.29496735148132,0.0580978752829225,1.1961417710416134e-12,2.4333272886793094e-06,893.5668429292513,0.0107932874051926,1.0
diamonds__task_233211,regression,47,0.1,lightgbm,R4_ridge_leverage_ipw,saturated_ridge_leverage,inverse_probability,completed,A2_median_scaled_euclidean,rmse,693.2099275541856,693.2099275541856,371.2016047140368,1754.2930534829625,,,2,3884,74.46274892054498,73.8259321320802,0.0367457848839665,1.5027770848297698e-12,2.493710284808199e-06,1783.8404259095498,0.0216252378304472,1.0
diamonds__task_233211,regression,47,0.2,lightgbm,R4_ridge_leverage_ipw,saturated_ridge_leverage,inverse_probability,completed,A2_median_scaled_euclidean,rmse,611.7807520100748,611.7807520100748,336.4999000302894,1556.1453938553816,,,2,7767,75.82157166860998,75.08725190348923,0.0218122050040415,9.520288258555324e-13,1.733145506824142e-06,3583.2999635216893,0.0433164820565944,1.0
OnlineNewsPopularity__task_359941,regression,11,0.05,lightgbm,R4_ridge_leverage_ipw,saturated_ridge_leverage,inverse_probability,completed,A2_median_scaled_euclidean,rmse,15506.408616475484,15506.408616475484,3387.0059508854897,16809.519343311455,,,2,1427,65.10875234007835,64.5181692764163,0.1262267544881354,3.808011528401954e-12,1.9468079364612824e-06,540.9406041504914,0.0058362442024586,1.0
OnlineNewsPopularity__task_359941,regression,11,0.1,lightgbm,R4_ridge_leverage_ipw,saturated_ridge_leverage,inverse_probability,completed,A2_median_scaled_euclidean,rmse,15494.739408195222,15494.739408195222,3381.8555441070357,17321.817551902517,,,2,2854,58.49851904809475,57.71821520105004,0.0707722351316651,1.2363447655436372e-12,2.175091266537212e-06,1109.755002942578,0.0118277630063896,1.0
OnlineNewsPopularity__task_359941,regression,11,0.2,lightgbm,R4_ridge_leverage_ipw,saturated_ridge_leverage,inverse_probability,completed,A5_gmm_posterior,rmse,15780.493289429194,15780.493289429194,3736.770152172661,19251.631270246697,,,2,5709,61.35884314775467,60.58410397917032,0.039474590979136,4.9699728927481315e-12,2.2037083104425523e-06,2241.4133472403737,0.0241733788227721,1.0
OnlineNewsPopularity__task_359941,regression,29,0.05,lightgbm,R4_ridge_leverage_ipw,saturated_ridge_leverage,inverse_probability,completed,A2_median_scaled_euclidean,rmse,15771.51905620079,15771.51905620079,3594.4156681558675,19557.435779679967,,,1,1427,60.56940381787717,60.08364647999406,0.0801087944389405,3.0174648741068016e-12,1.9090959104164224e-06,1041.6495492948427,0.0069805536980751,1.0
OnlineNewsPopularity__task_359941,regression,29,0.1,lightgbm,R4_ridge_leverage_ipw,saturated_ridge_leverage,inverse_probability,completed,A2_median_scaled_euclidean,rmse,15813.149887925394,15813.149887925394,3747.9691261119383,20021.443239875505,,,1,2854,61.00830566696823,60.49412028118968,0.0546829423162738,3.335266666291002e-13,2.2588727439225506e-06,2142.34645607324,0.0142544723297244,1.0
OnlineNewsPopularity__task_359941,regression,29,0.2,lightgbm,R4_ridge_leverage_ipw,saturated_ridge_leverage,inverse_probability,completed,A2_median_scaled_euclidean,rmse,15725.278718428714,15725.278718428714,3639.243226701888,19504.325487493283,,,1,5709,63.04119735769928,62.52576114796102,0.0352655655358292,1.6812201453693433e-11,1.478779333471098e-06,4320.91834236141,0.0292630894151534,1.0
OnlineNewsPopularity__task_359941,regression,47,0.05,lightgbm,R4_ridge_leverage_ipw,saturated_ridge_leverage,inverse_probability,completed,A2_median_scaled_euclidean,rmse,15571.220757920471,15571.220757920471,3332.1036856116216,17131.442499021905,,,2,1427,84.26368348672986,83.49912024475634,0.1417020096784198,2.532119194737833e-12,1.8688260386968244e-06,552.6447873267384,0.0111015239102194,1.0
OnlineNewsPopularity__task_359941,regression,47,0.1,lightgbm,R4_ridge_leverage_ipw,saturated_ridge_leverage,inverse_probability,completed,A6_cosine_negative_control,rmse,15819.336318917874,15819.336318917874,4298.019505669341,21570.214760262377,,,2,2854,85.4996675774455,84.65481847524643,0.0821246293953296,7.650020588204987e-12,2.161966224933945e-06,1113.4319725678251,0.0225512138732911,1.0
OnlineNewsPopularity__task_359941,regression,47,0.2,lightgbm,R4_ridge_leverage_ipw,saturated_ridge_leverage,inverse_probability,completed,A6_cosine_negative_control,rmse,15630.99251977352,15630.99251977352,3613.993134732861,18244.440982427423,,,2,5709,81.22741980478168,80.38962989114225,0.0507290596366431,2.1392473112424285e-12,2.488078739103125e-06,2279.090536227992,0.0461591215855694,1.0
