dataset,problem_type,budget_ratio,row_arm_id,selection_method,training_reweighting,runs,primary_value_mean,primary_gain_mean,primary_gain_median,tail_gain_mean,gram_error_mean,projection_cost_error_mean,effective_sample_size_mean,fit_time_seconds_mean,fit_time_ratio_mean
OnlineNewsPopularity__task_359941,regression,0.05,R0_uniform,uniform,none,3,15757.83279672753,0.0,0.0,0.0,0.30292867141754676,2.6523057786898455e-12,951.3333333333334,67.06990265597899,1.0
OnlineNewsPopularity__task_359941,regression,0.05,R1_capped_incumbent,capped_leverage,none,3,15809.158945140218,-0.0032418042810795056,-5.243576677205097e-05,-0.017826864161404155,0.7522633650140516,9.735482730010903e-12,951.3333333333334,68.41190007391076,1.0236258113038665
OnlineNewsPopularity__task_359941,regression,0.05,R2_robust_mixture,robust_leverage_mixture,none,3,15691.201754787113,0.0042131826420328845,0.0055397688055946965,0.04267934899260372,0.110507772080595,1.3435578039757809e-11,951.3333333333334,67.16187670330207,0.9995915561408214
OnlineNewsPopularity__task_359941,regression,0.05,R3_robust_mixture_ipw,robust_leverage_mixture,inverse_probability,3,15695.967700226132,0.003901914037057319,0.008525231317114449,0.028785032507016164,0.110507772080595,1.3435578039757809e-11,805.700095841919,67.44901652013262,1.0047466322890994
OnlineNewsPopularity__task_359941,regression,0.05,R4_ridge_leverage_ipw,saturated_ridge_leverage,inverse_probability,3,15616.382810198915,0.008956618994607236,0.010121900212612795,0.06380157895206422,0.11601251953516523,3.11919853241553e-12,711.7449802573574,69.98061321489513,1.04210372196747
OnlineNewsPopularity__task_359941,regression,0.1,R0_uniform,uniform,none,3,15645.961072947182,0.0,0.0,0.0,0.7793496262387408,6.116986179383359e-12,1902.6666666666667,67.81760976773997,1.0
OnlineNewsPopularity__task_359941,regression,0.1,R1_capped_incumbent,capped_leverage,none,3,15718.202031402014,-0.004607924741535271,-0.0050608747038609165,-0.016293988543620703,0.5936266409369028,7.056978726339428e-12,1902.6666666666667,71.70322770314912,1.0672099812834064
OnlineNewsPopularity__task_359941,regression,0.1,R2_robust_mixture,robust_leverage_mixture,none,3,15807.16511117565,-0.01030077865275701,-0.014455645058063656,-0.07954703502735319,0.06621272276636624,1.1701726459638052e-11,1902.6666666666667,73.50126661174,1.0938839664551618
OnlineNewsPopularity__task_359941,regression,0.1,R3_robust_mixture_ipw,robust_leverage_mixture,inverse_probability,3,15867.643429011814,-0.01415138737379948,-0.013084770141055286,-0.10033911214342663,0.06621272276636624,1.1701726459638052e-11,1628.7260206061794,66.34105619415641,0.9797922337473564
OnlineNewsPopularity__task_359941,regression,0.1,R4_ridge_leverage_ipw,saturated_ridge_leverage,inverse_probability,3,15709.07520501283,-0.004063697856544301,-0.011107742788251185,-0.07403620154003004,0.06919326894775617,3.073297340125908e-12,1455.1778105278809,68.33549743083616,1.0030520974334316
OnlineNewsPopularity__task_359941,regression,0.2,R0_uniform,uniform,none,3,15652.347853569932,0.0,0.0,0.0,0.2642472561579902,1.7731036364270677e-11,3806.0,67.79128867511947,1.0
OnlineNewsPopularity__task_359941,regression,0.2,R1_capped_incumbent,capped_leverage,none,3,15556.335420220596,0.006132188505693807,0.006871420063791613,0.02357469052985033,0.29389299863074814,4.5867690142601306e-12,3806.0,68.53743857579927,1.0113545548990992
OnlineNewsPopularity__task_359941,regression,0.2,R2_robust_mixture,robust_leverage_mixture,none,3,15806.198088474177,-0.009840182336900058,-0.009032915811887587,-0.06409137107587588,0.0445788450315694,7.443667346171772e-12,3806.0,69.14291000987093,1.0220557786041056
OnlineNewsPopularity__task_359941,regression,0.2,R3_robust_mixture_ipw,robust_leverage_mixture,inverse_probability,3,15873.300740919733,-0.01412473132647117,-0.013050942514872446,-0.09610297609040748,0.0445788450315694,7.443667346171772e-12,3312.6175638661953,67.35125518279771,0.9941382971365399
OnlineNewsPopularity__task_359941,regression,0.2,R4_ridge_leverage_ipw,saturated_ridge_leverage,inverse_probability,3,15712.254842543809,-0.0038583079361723172,-0.0023062214373113623,-0.03647002760352328,0.0418230720505361,7.973807219227997e-12,2947.1407419432585,68.54248677007854,1.011378900511971
bank-marketing__task_359982,classification,0.05,R0_uniform,uniform,none,3,0.887073645420128,0.0,0.0,,0.5052984308467341,4.392909852013929e-12,814.0,76.30447884276509,1.0
bank-marketing__task_359982,classification,0.05,R1_capped_incumbent,capped_leverage,none,3,0.8902636955567012,0.0031900501365732894,0.009500084505162043,,0.10116170054497607,3.5264973352074185e-12,814.0,73.83391371307273,0.9678921557131167
bank-marketing__task_359982,classification,0.05,R2_robust_mixture,robust_leverage_mixture,none,3,0.8855418216914256,-0.0015318237287022345,-0.004357341794264946,,0.06214956976250353,4.059917431296838e-12,814.0,76.3558524157852,0.9994193663974307
bank-marketing__task_359982,classification,0.05,R3_robust_mixture_ipw,robust_leverage_mixture,inverse_probability,3,0.8847426916448461,-0.002330953775281882,-0.0021838784981469406,,0.06214956976250353,4.059917431296838e-12,737.6118821350269,74.1753669877847,0.9709341958846837
bank-marketing__task_359982,classification,0.05,R4_ridge_leverage_ipw,saturated_ridge_leverage,inverse_probability,3,0.8766248306937897,-0.010448814726338296,-0.016586682649267992,,0.07754850022896827,2.9924095179089598e-12,687.9388439982744,73.7780345492065,0.9673481575243583
bank-marketing__task_359982,classification,0.1,R0_uniform,uniform,none,3,0.9062114213421063,0.0,0.0,,0.2554318279347428,4.709081117396911e-12,1627.5,76.91183820056419,1.0
bank-marketing__task_359982,classification,0.1,R1_capped_incumbent,capped_leverage,none,3,0.9035793735445347,-0.002632047797571535,-0.0023453141295946,,0.08882038607213544,2.599274460565718e-12,1627.5,75.2513005764534,0.9781796831510136
bank-marketing__task_359982,classification,0.1,R2_robust_mixture,robust_leverage_mixture,none,3,0.9024870397802328,-0.003724381561873269,-0.005909206896568153,,0.044662398942151765,3.790152374356666e-12,1627.5,77.58633569690089,1.0051451593448095
bank-marketing__task_359982,classification,0.1,R3_robust_mixture_ipw,robust_leverage_mixture,inverse_probability,3,0.9034171488826302,-0.002794272459475907,-0.004048199661316754,,0.044662398942151765,3.790152374356666e-12,1474.9244134907738,74.4963503057758,0.9664771840300768
bank-marketing__task_359982,classification,0.1,R4_ridge_leverage_ipw,saturated_ridge_leverage,inverse_probability,3,0.899233867207121,-0.006977554134985168,-0.009137446107247094,,0.047279461095741604,4.151676453602109e-12,1370.4644974002167,74.63031426258385,0.969353524442753
bank-marketing__task_359982,classification,0.2,R0_uniform,uniform,none,3,0.9170897842490899,0.0,0.0,,0.07149583407954961,3.0698815305898147e-12,3255.0,77.94953868413965,1.0
bank-marketing__task_359982,classification,0.2,R1_capped_incumbent,capped_leverage,none,3,0.9151235203509103,-0.0019662638981797396,-0.0032770012929054237,,0.0671814057848788,6.389226448269953e-12,3255.0,76.46256633661687,0.9823772571201328
bank-marketing__task_359982,classification,0.2,R2_robust_mixture,robust_leverage_mixture,none,3,0.9148576170869912,-0.0022321671620988415,-0.0026767069214228556,,0.0274964487846296,2.996535487820403e-12,3255.0,77.28985969225566,0.9927927950924135
bank-marketing__task_359982,classification,0.2,R3_robust_mixture_ipw,robust_leverage_mixture,inverse_probability,3,0.915891246985312,-0.0011985372637779435,1.2782293399182798e-05,,0.0274964487846296,2.996535487820403e-12,2973.975251071064,75.4456332679838,0.9688754321323648
bank-marketing__task_359982,classification,0.2,R4_ridge_leverage_ipw,saturated_ridge_leverage,inverse_probability,3,0.9116972344955911,-0.005392549753498861,-0.0055579305372304155,,0.0294920289213334,3.1159035656972778e-12,2761.861496205393,76.13959565137823,0.9768072986264205
covertype__task_7593,classification,0.05,R0_uniform,uniform,none,3,0.8079976328200483,0.0,0.0,,0.02063102899133677,3.1481732578201713e-12,888.8888888888888,66.32950337231159,1.0
covertype__task_7593,classification,0.05,R1_capped_incumbent,capped_leverage,none,3,0.834530909119155,-0.03270934562036677,-0.025396506365779104,,0.02869928027617667,2.1374790665451375e-12,888.8888888888888,66.61780311912298,1.0046099569576554
covertype__task_7593,classification,0.05,R2_robust_mixture,robust_leverage_mixture,none,3,0.818171834480465,-0.012807085725863159,-0.01671655664110274,,0.020349361328541298,3.882104617992511e-12,888.8888888888888,80.28301242614786,1.1997083360739784
covertype__task_7593,classification,0.05,R3_robust_mixture_ipw,robust_leverage_mixture,inverse_probability,3,0.8165667975576323,-0.010679108741098403,-0.011585009235840318,,0.020349361328541298,3.882104617992511e-12,800.980732211379,66.58395065739751,1.0046152712603174
covertype__task_7593,classification,0.05,R4_ridge_leverage_ipw,saturated_ridge_leverage,inverse_probability,3,0.8299660597854742,-0.028513869718984234,-0.047991172631610284,,0.029289302086859103,5.503476712247e-12,706.4261445620285,68.41564390684168,1.0317989144503776
covertype__task_7593,classification,0.1,R0_uniform,uniform,none,3,0.6807711354927856,0.0,0.0,,0.015254166738905867,3.6205864321473324e-12,1777.7777777777776,66.4805894413342,1.0
covertype__task_7593,classification,0.1,R1_capped_incumbent,capped_leverage,none,3,0.6950043470566979,-0.020898432420666663,-0.022166256986883397,,0.016876688418942933,5.9615892947611455e-12,1777.7777777777776,67.2274767961353,1.0108974086812879
covertype__task_7593,classification,0.1,R2_robust_mixture,robust_leverage_mixture,none,3,0.682488010969626,-0.002564599179549503,-0.002033623566446526,,0.014288227043387933,3.4399885168266067e-12,1777.7777777777776,72.66936507013936,1.089301335303948
covertype__task_7593,classification,0.1,R3_robust_mixture_ipw,robust_leverage_mixture,inverse_probability,3,0.6859171051698012,-0.007661907272950602,0.0034702132856610037,,0.014288227043387933,3.4399885168266067e-12,1600.613775517895,67.71379865768056,1.018557534376138
covertype__task_7593,classification,0.1,R4_ridge_leverage_ipw,saturated_ridge_leverage,inverse_probability,3,0.7096626190310632,-0.04233811816700591,-0.03575219862944819,,0.0146570363230297,3.828836563585137e-12,1417.0261540993904,70.51199827405314,1.0646001575344746
covertype__task_7593,classification,0.2,R0_uniform,uniform,none,3,0.5584871223866529,0.0,0.0,,0.008529473674558733,2.260442491118508e-12,3555.555555555555,66.98990241003533,1.0
covertype__task_7593,classification,0.2,R1_capped_incumbent,capped_leverage,none,3,0.5699776613836778,-0.02075423253294413,-0.014972511436423893,,0.008954862413963734,1.3365092372750684e-12,3555.555555555555,68.47735545908411,1.0212411949398996
covertype__task_7593,classification,0.2,R2_robust_mixture,robust_leverage_mixture,none,3,0.5708088285927685,-0.02202553992389838,-0.024710181015811555,,0.009687553646983232,4.225941046904946e-12,3555.555555555555,68.24742414678137,1.0182161056344485
covertype__task_7593,classification,0.2,R3_robust_mixture_ipw,robust_leverage_mixture,inverse_probability,3,0.5728108521114147,-0.025617867981852588,-0.024854341419092714,,0.009687553646983232,4.225941046904946e-12,3198.3915565141356,67.39545546285808,1.0059235826019954
covertype__task_7593,classification,0.2,R4_ridge_leverage_ipw,saturated_ridge_leverage,inverse_probability,3,0.6164916960093515,-0.10289916898789014,-0.04303152729425802,,0.009943697260407067,4.19998131028122e-12,2828.8411237811015,78.53365556212763,1.1729954868065673
diamonds__task_233211,regression,0.05,R0_uniform,uniform,none,3,790.6659701069963,0.0,0.0,0.0,0.06256263066651196,1.3417167213268778e-12,971.0,71.78953889136513,1.0
diamonds__task_233211,regression,0.05,R1_capped_incumbent,capped_leverage,none,3,816.8182775015395,-0.033149083143138594,-0.03631692504293216,-0.03732976322276693,0.0593335772803173,4.724116689350254e-12,971.0,75.54001113027334,1.0514602417860217
diamonds__task_233211,regression,0.05,R2_robust_mixture,robust_leverage_mixture,none,3,812.5475749191615,-0.028120921313214652,-0.013143123279833484,-0.03183451337982725,0.0506548824829218,2.7722328295948597e-12,971.0,73.48013035270075,1.0236595815276033
diamonds__task_233211,regression,0.05,R3_robust_mixture_ipw,robust_leverage_mixture,inverse_probability,3,812.1291309197914,-0.027494811465861062,-0.023221007563339793,-0.024334952372115453,0.0506548824829218,2.7722328295948597e-12,929.1812052123668,74.23725394221644,1.0340999419335917
diamonds__task_233211,regression,0.05,R4_ridge_leverage_ipw,saturated_ridge_leverage,inverse_probability,3,813.8435283388397,-0.02997246461726197,-0.021231585438713427,-0.016332978980995543,0.050569853122534,1.126825700136812e-12,885.126200812986,74.23309385403991,1.034345009490311
diamonds__task_233211,regression,0.1,R0_uniform,uniform,none,3,696.5436164437864,0.0,0.0,0.0,0.05459261716563496,2.5948998115531012e-12,1942.0,73.07257704685132,1.0
diamonds__task_233211,regression,0.1,R1_capped_incumbent,capped_leverage,none,3,682.7429773999346,0.01968524874622032,0.014364681496741324,0.016654802340964597,0.0337600075358245,1.435357946854488e-12,1942.0,83.6357902760307,1.1453336344832985
diamonds__task_233211,regression,0.1,R2_robust_mixture,robust_leverage_mixture,none,3,689.1978036396921,0.010855324418426524,0.008168477676707819,0.015437019646698205,0.03793578762539923,3.148376965752148e-12,1942.0,73.54895147308707,1.0069211626079742
diamonds__task_233211,regression,0.1,R3_robust_mixture_ipw,robust_leverage_mixture,inverse_probability,3,686.1479210660851,0.015229068129547038,0.028058678042396396,0.020504403912647167,0.03793578762539923,3.148376965752148e-12,1858.552268197621,74.69152085545163,1.0222149962906906
diamonds__task_233211,regression,0.1,R4_ridge_leverage_ipw,saturated_ridge_leverage,inverse_probability,3,683.7128342139919,0.018208337861103166,0.025892809461494616,0.024521996560246843,0.0413452932395041,2.179089437457633e-12,1755.4966848217161,74.4359157346189,1.0189897120275437
diamonds__task_233211,regression,0.2,R0_uniform,uniform,none,3,602.5622947641323,0.0,0.0,0.0,0.027719327589976764,4.456845442771156e-12,3883.5,73.14537910744548,1.0
diamonds__task_233211,regression,0.2,R1_capped_incumbent,capped_leverage,none,3,599.2733044058418,0.005418984534339136,0.01356669219386867,0.00756871201879549,0.02539873551908863,2.019862684062812e-12,3883.5,81.82598966856797,1.1194602968325758
diamonds__task_233211,regression,0.2,R2_robust_mixture,robust_leverage_mixture,none,3,612.636639497997,-0.016790177604194826,-0.010554426086649433,-0.018569742871240028,0.0206537788040794,2.1027760288478364e-12,3883.5,75.72896392208834,1.0354657821706041
diamonds__task_233211,regression,0.2,R3_robust_mixture_ipw,robust_leverage_mixture,inverse_probability,3,608.4608045774227,-0.009802711107361235,-0.006572558171241651,-0.010549689166287977,0.0206537788040794,2.1027760288478364e-12,3724.275091173073,75.00611996402343,1.0255846637024704
diamonds__task_233211,regression,0.2,R4_ridge_leverage_ipw,saturated_ridge_leverage,inverse_probability,3,601.5722501821037,0.001543014780028965,0.003382012743490628,-0.0010290004145144666,0.025636041790852368,2.5642855507828804e-12,3544.7164620003873,74.33584052634735,1.016271789195633
