dataset,task_id,task_name,suite_id,problem_type,seed,budget_ratio,model,arm_name,selected_arm_name,status,selected_temperature,n_train,n_calibration,n_selection,n_validation,n_test,n_experts,error_type,error,calibration_primary_metric,calibration_primary_value,validation_primary_metric,validation_primary_value,validation_accuracy,validation_f1_macro,validation_f1_weighted,validation_worst_class_recall,validation_roc_auc,validation_log_loss,validation_brier_score,validation_expected_calibration_error,validation_ece,validation_routing_mean_max_probability,validation_routing_mean_top1_margin,validation_routing_median_top1_margin,validation_routing_mean_entropy,validation_routing_effective_expert_count,validation_routing_hard_assignment_counts,validation_routing_soft_assignment_mass,validation_routing_dead_expert_count,validation_routing_hard_assignment_dead_expert_count,validation_routing_hard_assignment_imbalance,validation_routing_soft_assignment_imbalance,validation_oracle_expert_regret,validation_mean_oracle_loss,validation_mean_blended_loss,validation_weight_negative_loss_rank_correlation,test_primary_metric,test_primary_value,test_accuracy,test_f1_macro,test_f1_weighted,test_worst_class_recall,test_roc_auc,test_log_loss,test_brier_score,test_expected_calibration_error,test_ece,test_routing_mean_max_probability,test_routing_mean_top1_margin,test_routing_median_top1_margin,test_routing_mean_entropy,test_routing_effective_expert_count,test_routing_hard_assignment_counts,test_routing_soft_assignment_mass,test_routing_dead_expert_count,test_routing_hard_assignment_dead_expert_count,test_routing_hard_assignment_imbalance,test_routing_soft_assignment_imbalance,test_oracle_expert_regret,test_mean_oracle_loss,test_mean_blended_loss,test_weight_negative_loss_rank_correlation,selection_fallback_arm_name,selection_fallback_used,selection_reason,selection_improvement_vs_fallback,selection_candidate_scores,validation_routing_n_rows,validation_routing_n_models,validation_routing_router_mode,validation_routing_router_status,validation_routing_router_head_status,validation_routing_median_max_probability,validation_routing_mean_normalized_entropy,validation_routing_router,test_routing_n_rows,test_routing_n_models,test_routing_router_mode,test_routing_router_status,test_routing_router_head_status,test_routing_median_max_probability,test_routing_mean_normalized_entropy,test_routing_router,validation_mse,validation_rmse,validation_r2,validation_mae,validation_tail_mean_absolute_error,validation_tail_absolute_error_quantile,test_mse,test_rmse,test_r2,test_mae,test_tail_mean_absolute_error,test_tail_absolute_error_quantile,runtime_fit_seconds,runtime_inference_seconds,complexity_tree_count,complexity_leaf_count,complexity_split_count,complexity_max_depth,complexity_feature_importance_cosine_stability,complexity_mean_absolute_shap_cosine_stability,topology_selection,partition_total_rows,bulk_train_rows,bulk_train_share,spike_train_rows,spike_train_share,bulk_routing_hard_rows,bulk_routing_hard_share,bulk_routing_soft_share,spike_routing_hard_rows,spike_routing_hard_share,spike_routing_soft_share,topology_mode,topology_exact_budget,topology_unique_rows,topology_total_budget,class_coverage_guaranteed,full_reference_primary_metric,full_reference_primary_value,full_reference_accuracy,full_reference_f1_macro,full_reference_f1_weighted,full_reference_worst_class_recall,full_reference_roc_auc,full_reference_log_loss,full_reference_brier_score,full_reference_expected_calibration_error,full_reference_fit_seconds,full_reference_inference_seconds,full_reference_complexity_tree_count,full_reference_complexity_leaf_count,full_reference_complexity_split_count,full_reference_complexity_max_depth,full_reference_complexity_feature_importance_cosine_stability,full_reference_complexity_mean_absolute_shap_cosine_stability,full_reference_mse,full_reference_rmse,full_reference_r2,full_reference_mae,full_reference_tail_mean_absolute_error,degradation_vs_full,b0_test_primary_value,b0_test_tail_mean_absolute_error,b0_test_log_loss,b0_test_brier_score,b0_test_expected_calibration_error,b0_test_f1_macro,b0_test_worst_class_recall,b0_runtime_fit_seconds,b0_runtime_inference_seconds,gain_vs_b0,tail_mean_absolute_error_gain_vs_b0,log_loss_gain_vs_b0,brier_score_gain_vs_b0,expected_calibration_error_gain_vs_b0,f1_macro_gain_vs_b0,worst_class_recall_gain_vs_b0,fit_seconds_ratio_vs_b0,inference_seconds_ratio_vs_b0,outcome
segment__task_359963,359963,segment,271,classification,46,0.05,lightgbm,B3_validation_selected,B1_bulk_single_spike,completed,,1663,208,208,208,231,2,,,,,log_loss,0.6069255936367804,0.7932692307692307,0.7806696082958507,0.7827941023927123,0.4482758620689655,,0.6069255936367804,0.3135171121484125,0.0596219456057174,,0.751743645180167,,,0.5070448642838522,,"{'bulk': 90, 'spike': 118}","{'bulk': 96.31720286831035, 'spike': 111.68279713168965}",,,,,,,,,log_loss,0.6141070523595565,0.7922077922077922,0.7813610005141072,0.7813610005141072,0.3939393939393939,,0.6141070523595565,0.3280684371718374,0.0781092595505701,,0.7382230866097678,,,0.5212434252203367,,"{'bulk': 121, 'spike': 110}","{'bulk': 115.63631534393548, 'spike': 115.36368465606454}",,,,,,,,,,,,,,208.0,2.0,spectral,disabled,,0.7596182015424933,0.731511111210531,"{'router_mode': 'spectral', 'status': 'disabled'}",231.0,2.0,spectral,disabled,,0.7289964269361455,0.751995304661357,"{'router_mode': 'spectral', 'status': 'disabled'}",,,,,,,,,,,,,2.8513455018401146,0.0114664826542139,1400.0,2720.0,1320.0,1.0,0.5473037462408208,0.4892757003555057,"{""status"": ""selected"", ""selected_arm"": ""B1_bulk_single_spike"", ""reference_arm"": ""B0_standard_A9"", ""reason"": ""candidate_passed_cross_fitted_gates"", ""evidence"": [{""arm_name"": ""B1_bulk_single_spike"", ""paired_fold_count"": 5, ""primary_metric"": ""log_loss"", ""robust_metric"": null, ""mean_relative_gain"": 0.33096031152069616, ""median_relative_gain"": 0.33540040187208653, ""confidence_interval"": [0.1461858879416566, 0.5157347350997357], ""positive_fold_fraction"": 1.0, ""robust_mean_relative_gain"": null, ""robust_median_relative_gain"": null, ""robust_confidence_interval"": null, ""robust_positive_fold_fraction"": null, ""tail_metric"": null, ""tail_quantile"": null, ""tail_mean_relative_gain"": null, ""tail_median_relative_gain"": null, ""tail_confidence_interval"": null, ""tail_positive_fold_fraction"": null, ""eligible"": true, ""rejection_reasons"": [], ""classification_guard_evidence"": [{""metric"": ""log_loss"", ""direction"": ""lower"", ""gain_scale"": ""relative"", ""noninferiority_margin"": 0.01, ""paired_fold_count"": 5, ""mean_gain"": 0.33096031152069616, ""median_gain"": 0.33540040187208653, ""confidence_interval"": [0.14160342887929808, 0.5157347350997357], ""eligible"": true, ""rejection_reasons"": []}, {""metric"": ""brier_score"", ""direction"": ""lower"", ""gain_scale"": ""relative"", ""noninferiority_margin"": 0.01, ""paired_fold_count"": 5, ""mean_gain"": 0.36899961822238037, ""median_gain"": 0.4218375814979136, ""confidence_interval"": [0.1950225821928319, 0.5429766542519289], ""eligible"": true, ""rejection_reasons"": []}, {""metric"": ""expected_calibration_error"", ""direction"": ""lower"", ""gain_scale"": ""absolute"", ""noninferiority_margin"": 0.01, ""paired_fold_count"": 5, ""mean_gain"": 0.09983455046594633, ""median_gain"": 0.09444431564042824, ""confidence_interval"": [0.053969460783605074, 0.14508049340466264], ""eligible"": true, ""rejection_reasons"": []}, {""metric"": ""f1_macro"", ""direction"": ""higher"", ""gain_scale"": ""absolute"", ""noninferiority_margin"": 0.01, ""paired_fold_count"": 5, ""mean_gain"": 0.22691677554348938, ""median_gain"": 0.25299232930811877, ""confidence_interval"": [0.11938123766252931, 0.33633810279724685], ""eligible"": true, ""rejection_reasons"": []}, {""metric"": ""worst_class_recall"", ""direction"": ""higher"", ""gain_scale"": ""absolute"", ""noninferiority_margin"": 0.01, ""paired_fold_count"": 5, ""mean_gain"": 0.34285714285714286, ""median_gain"": 0.4, ""confidence_interval"": [0.17142857142857143, 0.5028571428571428], ""eligible"": true, ""rejection_reasons"": []}]}], ""eligible_candidate_arms"": [""B1_bulk_single_spike""]}",83.0,41.0,0.4939759036144578,42.0,0.5060240963855421,90.0,0.4326923076923077,0.4630634753284151,118.0,0.5673076923076923,0.5369365246715849,single_spike,True,83.0,83.0,True,log_loss,0.2672245637902988,0.935064935064935,0.9346498215596746,0.9346498215596748,0.8181818181818182,,0.2672245637902988,0.1074771256853695,0.0625921773355096,1.7553322147578,0.0026197172701358,700.0,19648.0,18948.0,24.0,,,,,,,,1.2980935721218705,0.9621226545568456,,0.9621226545568456,0.4768841976659178,0.1426439715991064,0.582571501263503,0.0,2.9161809999495745,0.0167948994785547,0.3617164615644409,,0.3617164615644409,0.31205848552426463,0.06453471204853631,0.19878949925060418,0.3939393939393939,0.9777669842473492,0.682736009754353,win
segment__task_359963,359963,segment,271,classification,42,0.1,lightgbm,B3_validation_selected,B1_bulk_single_spike,completed,,1663,208,208,208,231,2,,,,,log_loss,0.2383801910231732,0.9326923076923076,0.9321791011486564,0.9318474899417524,0.7666666666666667,,0.2383801910231732,0.1182258797652501,0.0416841639465778,,0.7519103962779702,,,0.5066057714000157,,"{'bulk': 104, 'spike': 104}","{'bulk': 104.94951595459308, 'spike': 103.05048404540692}",,,,,,,,,log_loss,0.3509882018480694,0.8917748917748918,0.8875071790536484,0.8875071790536484,0.5454545454545454,,0.3509882018480694,0.1854312880946619,0.0749193609464578,,0.7413864296806526,,,0.5185226487814569,,"{'bulk': 128, 'spike': 103}","{'bulk': 122.03968943122544, 'spike': 108.96031056877456}",,,,,,,,,,,,,,208.0,2.0,spectral,disabled,,0.7576139960006055,0.7308776340845307,"{'router_mode': 'spectral', 'status': 'disabled'}",231.0,2.0,spectral,disabled,,0.7460732524558438,0.7480700539856177,"{'router_mode': 'spectral', 'status': 'disabled'}",,,,,,,,,,,,,5.812259320169687,0.0267914850264787,1400.0,5540.0,4140.0,8.0,0.9130574474436288,0.7173316156823278,"{""status"": ""selected"", ""selected_arm"": ""B1_bulk_single_spike"", ""reference_arm"": ""B0_standard_A9"", ""reason"": ""candidate_passed_cross_fitted_gates"", ""evidence"": [{""arm_name"": ""B1_bulk_single_spike"", ""paired_fold_count"": 5, ""primary_metric"": ""log_loss"", ""robust_metric"": null, ""mean_relative_gain"": 0.5164222195263507, ""median_relative_gain"": 0.5283745797571173, ""confidence_interval"": [0.4852951451540209, 0.5407333372055976], ""positive_fold_fraction"": 1.0, ""robust_mean_relative_gain"": null, ""robust_median_relative_gain"": null, ""robust_confidence_interval"": null, ""robust_positive_fold_fraction"": null, ""tail_metric"": null, ""tail_quantile"": null, ""tail_mean_relative_gain"": null, ""tail_median_relative_gain"": null, ""tail_confidence_interval"": null, ""tail_positive_fold_fraction"": null, ""eligible"": true, ""rejection_reasons"": [], ""classification_guard_evidence"": [{""metric"": ""log_loss"", ""direction"": ""lower"", ""gain_scale"": ""relative"", ""noninferiority_margin"": 0.01, ""paired_fold_count"": 5, ""mean_gain"": 0.5164222195263507, ""median_gain"": 0.5283745797571173, ""confidence_interval"": [0.4861707359363419, 0.5407333372055976], ""eligible"": true, ""rejection_reasons"": []}, {""metric"": ""brier_score"", ""direction"": ""lower"", ""gain_scale"": ""relative"", ""noninferiority_margin"": 0.01, ""paired_fold_count"": 5, ""mean_gain"": 0.491498729372892, ""median_gain"": 0.5053040218875956, ""confidence_interval"": [0.3655041422229775, 0.5886643625791127], ""eligible"": true, ""rejection_reasons"": []}, {""metric"": ""expected_calibration_error"", ""direction"": ""lower"", ""gain_scale"": ""absolute"", ""noninferiority_margin"": 0.01, ""paired_fold_count"": 5, ""mean_gain"": 0.024488411999315732, ""median_gain"": 0.012907376558753778, ""confidence_interval"": [0.0027542096587917205, 0.049552256729040275], ""eligible"": true, ""rejection_reasons"": []}, {""metric"": ""f1_macro"", ""direction"": ""higher"", ""gain_scale"": ""absolute"", ""noninferiority_margin"": 0.01, ""paired_fold_count"": 5, ""mean_gain"": 0.10776549608924664, ""median_gain"": 0.12009591715474088, ""confidence_interval"": [0.05507352591386201, 0.14966244723874095], ""eligible"": true, ""rejection_reasons"": []}, {""metric"": ""worst_class_recall"", ""direction"": ""higher"", ""gain_scale"": ""absolute"", ""noninferiority_margin"": 0.01, ""paired_fold_count"": 5, ""mean_gain"": 0.27785714285714286, ""median_gain"": 0.25, ""confidence_interval"": [0.1230952380952381, 0.4257142857142857], ""eligible"": true, ""rejection_reasons"": []}]}], ""eligible_candidate_arms"": [""B1_bulk_single_spike""]}",166.0,83.0,0.5,83.0,0.5,104.0,0.5,0.5045649805509282,104.0,0.5,0.4954350194490717,single_spike,True,166.0,166.0,True,log_loss,0.2672245637902988,0.935064935064935,0.9346498215596746,0.9346498215596748,0.8181818181818182,,0.2672245637902988,0.1074771256853695,0.0625921773355096,1.9351089298725128,0.0023009534925222,700.0,19648.0,18948.0,24.0,,,,,,,,0.3134578530868255,0.4982381163831182,,0.4982381163831182,0.2381120184127914,0.0595603459400012,0.8455013386736077,0.5151515151515151,5.134480679407716,0.0164734236896038,0.29554124763473855,,0.29554124763473855,0.22124347468594424,-0.015359015006456603,0.04200584038004074,0.030303030303030276,1.1320052957800117,1.6263458969604796,win
segment__task_359963,359963,segment,271,classification,45,0.05,lightgbm,B3_validation_selected,B1_bulk_single_spike,completed,,1663,208,208,208,231,2,,,,,log_loss,0.5774141452400414,0.7932692307692307,0.7823521075096707,0.782594504147813,0.3333333333333333,,0.5774141452400414,0.2901840829922669,0.069055499229131,,0.7417926519903536,,,0.51155609834136,,"{'bulk': 92, 'spike': 116}","{'bulk': 99.7833175194193, 'spike': 108.2166824805807}",,,,,,,,,log_loss,0.6898480154819097,0.7186147186147186,0.6977001995294679,0.6977001995294678,0.1515151515151515,,0.6898480154819097,0.3585926880863977,0.0764775415344437,,0.734109402808758,,,0.5231606149448198,,"{'bulk': 111, 'spike': 120}","{'bulk': 116.3927227822526, 'spike': 114.60727721774741}",,,,,,,,,,,,,,208.0,2.0,spectral,disabled,,0.764764417705565,0.738019446213587,"{'router_mode': 'spectral', 'status': 'disabled'}",231.0,2.0,spectral,disabled,,0.7262232682659685,0.754761224769312,"{'router_mode': 'spectral', 'status': 'disabled'}",,,,,,,,,,,,,3.205553809180856,0.0055745486170053,1400.0,2746.0,1346.0,1.0,0.7562039896153521,0.7863317489875357,"{""status"": ""selected"", ""selected_arm"": ""B1_bulk_single_spike"", ""reference_arm"": ""B0_standard_A9"", ""reason"": ""candidate_passed_cross_fitted_gates"", ""evidence"": [{""arm_name"": ""B1_bulk_single_spike"", ""paired_fold_count"": 5, ""primary_metric"": ""log_loss"", ""robust_metric"": null, ""mean_relative_gain"": 0.39752092577826276, ""median_relative_gain"": 0.40016174641101576, ""confidence_interval"": [0.33152348609687904, 0.46360636687710444], ""positive_fold_fraction"": 1.0, ""robust_mean_relative_gain"": null, ""robust_median_relative_gain"": null, ""robust_confidence_interval"": null, ""robust_positive_fold_fraction"": null, ""tail_metric"": null, ""tail_quantile"": null, ""tail_mean_relative_gain"": null, ""tail_median_relative_gain"": null, ""tail_confidence_interval"": null, ""tail_positive_fold_fraction"": null, ""eligible"": true, ""rejection_reasons"": [], ""classification_guard_evidence"": [{""metric"": ""log_loss"", ""direction"": ""lower"", ""gain_scale"": ""relative"", ""noninferiority_margin"": 0.01, ""paired_fold_count"": 5, ""mean_gain"": 0.39752092577826276, ""median_gain"": 0.40016174641101576, ""confidence_interval"": [0.33152348609687904, 0.4635183654596465], ""eligible"": true, ""rejection_reasons"": []}, {""metric"": ""brier_score"", ""direction"": ""lower"", ""gain_scale"": ""relative"", ""noninferiority_margin"": 0.01, ""paired_fold_count"": 5, ""mean_gain"": 0.3922356665663779, ""median_gain"": 0.4374265001503144, ""confidence_interval"": [0.29564208209291143, 0.477513966811837], ""eligible"": true, ""rejection_reasons"": []}, {""metric"": ""expected_calibration_error"", ""direction"": ""lower"", ""gain_scale"": ""absolute"", ""noninferiority_margin"": 0.01, ""paired_fold_count"": 5, ""mean_gain"": 0.053919775255474825, ""median_gain"": 0.053229983763449895, ""confidence_interval"": [0.009255442321475798, 0.11247945550771887], ""eligible"": true, ""rejection_reasons"": []}, {""metric"": ""f1_macro"", ""direction"": ""higher"", ""gain_scale"": ""absolute"", ""noninferiority_margin"": 0.01, ""paired_fold_count"": 5, ""mean_gain"": 0.2698581723792769, ""median_gain"": 0.29650041834915775, ""confidence_interval"": [0.1729405016181741, 0.34296994585814455], ""eligible"": true, ""rejection_reasons"": []}, {""metric"": ""worst_class_recall"", ""direction"": ""higher"", ""gain_scale"": ""absolute"", ""noninferiority_margin"": 0.01, ""paired_fold_count"": 5, ""mean_gain"": 0.3504761904761905, ""median_gain"": 0.3333333333333333, ""confidence_interval"": [0.2980952380952381, 0.42666666666666664], ""eligible"": true, ""rejection_reasons"": []}]}], ""eligible_candidate_arms"": [""B1_bulk_single_spike""]}",83.0,41.0,0.4939759036144578,42.0,0.5060240963855421,92.0,0.4423076923076923,0.4797274880741312,116.0,0.5576923076923077,0.5202725119258688,single_spike,True,83.0,83.0,True,log_loss,0.2672245637902988,0.935064935064935,0.9346498215596746,0.9346498215596748,0.8181818181818182,,0.2672245637902988,0.1074771256853695,0.0625921773355096,1.6532412860542536,0.0024295728653669,700.0,19648.0,18948.0,24.0,,,,,,,,1.5815292041163524,0.9060174588996844,,0.9060174588996844,0.4535865633053595,0.1115672882747053,0.5652195125879337,0.0,2.848592909052968,0.0175808910280466,0.2385930219052317,,0.2385930219052317,0.2094283272562703,0.03508974674026161,0.13248068694153425,0.1515151515151515,1.1253113068537974,0.31707998235767937,win
diamonds__task_233211,233211,diamonds,269,regression,45,0.01,lightgbm,B3_validation_selected,B1_bulk_single_spike,completed,,38836,4855,4855,4855,5394,2,,,,,rmse,1428.9928408238045,,,,,,,,,,0.7475055619974078,,,0.4835684681082351,,"{'bulk': 3795, 'spike': 1060}","{'bulk': 3417.10240839914, 'spike': 1437.8975916008599}",,,,,,,,,rmse,1336.4581202046743,,,,,,,,,,0.751931393674435,,,0.4775425876641703,,"{'bulk': 4288, 'spike': 1106}","{'bulk': 3846.2252966154483, 'spike': 1547.7747033845512}",,,,,,,,,,,,,,4855.0,2.0,spectral,disabled,,0.74216907062081,0.6976418308700237,"{'router_mode': 'spectral', 'status': 'disabled'}",5394.0,2.0,spectral,disabled,,0.7552361581901944,0.6889483230363818,"{'router_mode': 'spectral', 'status': 'disabled'}",2042020.539125687,1428.9928408238045,0.8804364487639065,759.7265974049348,3864.724674398705,,1786120.3070610114,1336.4581202046743,0.8846908525701422,707.5331132381771,3583.833375141713,,88.98166987486184,0.1149290837347507,200.0,1529.0,1329.0,10.0,0.9672803052939698,0.8655609453051233,"{""status"": ""selected"", ""selected_arm"": ""B1_bulk_single_spike"", ""reference_arm"": ""B0_standard_A9"", ""reason"": ""candidate_passed_cross_fitted_gates"", ""evidence"": [{""arm_name"": ""B1_bulk_single_spike"", ""paired_fold_count"": 5, ""primary_metric"": ""rmse"", ""robust_metric"": ""mae"", ""mean_relative_gain"": 0.12269267653732766, ""median_relative_gain"": 0.12345085127200885, ""confidence_interval"": [0.09004529725173786, 0.15200745863920165], ""positive_fold_fraction"": 1.0, ""robust_mean_relative_gain"": 0.16764824066886508, ""robust_median_relative_gain"": 0.16790817690716936, ""robust_confidence_interval"": [0.13827200464960973, 0.19326260052526284], ""robust_positive_fold_fraction"": 1.0, ""tail_metric"": ""tail_mean_absolute_error"", ""tail_quantile"": 0.9, ""tail_mean_relative_gain"": 0.09704860941263223, ""tail_median_relative_gain"": 0.10058881274988521, ""tail_confidence_interval"": [0.06664515140742386, 0.13187420444271908], ""tail_positive_fold_fraction"": 1.0, ""eligible"": true, ""rejection_reasons"": [], ""classification_guard_evidence"": []}], ""eligible_candidate_arms"": [""B1_bulk_single_spike""]}",388.0,260.0,0.6701030927835051,128.0,0.3298969072164948,3795.0,0.7816683831101957,0.70383159802248,1060.0,0.2183316168898043,0.29616840197752,single_spike,True,388.0,388.0,False,rmse,500.0410557078231,,,,,,,,,0.3184289671480655,0.0056248772889375,100.0,3100.0,3000.0,17.0,,,250041.05739339424,500.0410557078231,0.9838577384532768,264.8445086691068,1261.2364339481776,1.6726967814930274,1542.0622537575762,4036.145597118705,,,,,,84.20415924116969,0.0391944292932748,0.13333063114144833,0.11206538790371821,,,,,,1.0567372286208434,2.932281087059249,win
elevators__task_359936,359936,elevators,269,regression,45,0.01,lightgbm,B3_validation_selected,B1_bulk_single_spike,completed,,11951,1494,1494,1494,1660,2,,,,,rmse,0.0057862261308965,,,,,,,,,,0.7526724060993272,,,0.4974173884004041,,"{'bulk': 1005, 'spike': 489}","{'bulk': 943.6657387927246, 'spike': 550.3342612072754}",,,,,,,,,rmse,0.0055140664573095,,,,,,,,,,0.7574305587727397,,,0.4894213418870103,,"{'bulk': 1082, 'spike': 578}","{'bulk': 1028.0756783372644, 'spike': 631.9243216627353}",,,,,,,,,,,,,,1494.0,2.0,spectral,disabled,,0.7535101952741573,0.7176215994972025,"{'router_mode': 'spectral', 'status': 'disabled'}",1660.0,2.0,spectral,disabled,,0.7598366194407553,0.7060857428456117,"{'router_mode': 'spectral', 'status': 'disabled'}",3.348041283786964e-05,0.0057862261308965,0.3361204082324548,0.0036903745775352,0.0142967380187673,,3.0404928895626815e-05,0.0055140664573095,0.3602114869253807,0.003517743655359,0.0132622069106624,,17.41988394781947,0.0335171315819025,200.0,487.0,287.0,2.0,0.5970151993519208,0.6779066008080415,"{""status"": ""selected"", ""selected_arm"": ""B1_bulk_single_spike"", ""reference_arm"": ""B0_standard_A9"", ""reason"": ""candidate_passed_cross_fitted_gates"", ""evidence"": [{""arm_name"": ""B1_bulk_single_spike"", ""paired_fold_count"": 5, ""primary_metric"": ""rmse"", ""robust_metric"": ""mae"", ""mean_relative_gain"": 0.1051992263457546, ""median_relative_gain"": 0.10135281102876906, ""confidence_interval"": [0.09236433525994106, 0.12023904078309329], ""positive_fold_fraction"": 1.0, ""robust_mean_relative_gain"": 0.1293733160289563, ""robust_median_relative_gain"": 0.12627510945762774, ""robust_confidence_interval"": [0.09798052264063825, 0.16335113707170495], ""robust_positive_fold_fraction"": 1.0, ""tail_metric"": ""tail_mean_absolute_error"", ""tail_quantile"": 0.9, ""tail_mean_relative_gain"": 0.10289198627351459, ""tail_median_relative_gain"": 0.11001410456369466, ""tail_confidence_interval"": [0.08871580070304083, 0.11706817184398836], ""tail_positive_fold_fraction"": 1.0, ""eligible"": true, ""rejection_reasons"": [], ""classification_guard_evidence"": []}], ""eligible_candidate_arms"": [""B1_bulk_single_spike""]}",120.0,71.0,0.5916666666666667,49.0,0.4083333333333333,1005.0,0.6726907630522089,0.631637040691248,489.0,0.3273092369477912,0.3683629593087519,single_spike,True,120.0,120.0,False,rmse,0.0021832436253616,,,,,,,,,0.339370472356677,0.0015722475945949,100.0,3100.0,3000.0,20.0,,,4.76655272768214e-06,0.0021832436253616,0.8997009434686047,0.0015586926730208,0.0049320187888941,1.5256303938119986,0.0061774466049106,0.0150909012112656,,,,,,16.344900405034423,0.0202573761343956,0.10738743529952387,0.12117860126458525,,,,,,1.0657687423077806,1.6545643107743242,win
elevators__task_359936,359936,elevators,269,regression,42,0.01,lightgbm,B3_validation_selected,B1_bulk_single_spike,completed,,11951,1494,1494,1494,1660,2,,,,,rmse,0.0056891568283173,,,,,,,,,,0.7082302897621788,,,0.5595024816685584,,"{'bulk': 727, 'spike': 767}","{'bulk': 739.3494597455738, 'spike': 754.6505402544262}",,,,,,,,,rmse,0.0055908408730642,,,,,,,,,,0.7110618314933705,,,0.5579032266127728,,"{'bulk': 755, 'spike': 905}","{'bulk': 789.721845492938, 'spike': 870.278154507062}",,,,,,,,,,,,,,1494.0,2.0,spectral,disabled,,0.6955443593213303,0.8071914556682974,"{'router_mode': 'spectral', 'status': 'disabled'}",1660.0,2.0,spectral,disabled,,0.7048387817728166,0.8048842183301989,"{'router_mode': 'spectral', 'status': 'disabled'}",3.236650541719008e-05,0.0056891568283173,0.2754738710115357,0.0037643437482884,0.013703453302812,,3.12575016679262e-05,0.0055908408730642,0.342271426346723,0.0037131096667155,0.013397196678517,,23.57326717674732,0.0478928331285715,200.0,443.0,243.0,2.0,0.5792410245378704,0.4055647022081287,"{""status"": ""selected"", ""selected_arm"": ""B1_bulk_single_spike"", ""reference_arm"": ""B0_standard_A9"", ""reason"": ""candidate_passed_cross_fitted_gates"", ""evidence"": [{""arm_name"": ""B1_bulk_single_spike"", ""paired_fold_count"": 5, ""primary_metric"": ""rmse"", ""robust_metric"": ""mae"", ""mean_relative_gain"": 0.07363510123362463, ""median_relative_gain"": 0.06541436753693951, ""confidence_interval"": [0.04057585340295269, 0.11899861761258448], ""positive_fold_fraction"": 1.0, ""robust_mean_relative_gain"": 0.1166231352586177, ""robust_median_relative_gain"": 0.10199021494910694, ""robust_confidence_interval"": [0.09128992433896668, 0.15145428619907525], ""robust_positive_fold_fraction"": 1.0, ""tail_metric"": ""tail_mean_absolute_error"", ""tail_quantile"": 0.9, ""tail_mean_relative_gain"": 0.04390886379056834, ""tail_median_relative_gain"": 0.0379105475768975, ""tail_confidence_interval"": [0.004158258955495113, 0.09622129341743864], ""tail_positive_fold_fraction"": 0.8, ""eligible"": true, ""rejection_reasons"": [], ""classification_guard_evidence"": []}], ""eligible_candidate_arms"": [""B1_bulk_single_spike""]}",120.0,60.0,0.5,60.0,0.5,727.0,0.4866131191432396,0.4948791564562073,767.0,0.5133868808567604,0.5051208435437926,single_spike,True,120.0,120.0,False,rmse,0.0021832436253616,,,,,,,,,0.3228576071560383,0.0019121430814266,100.0,3100.0,3000.0,20.0,,,4.76655272768214e-06,0.0021832436253616,0.8997009434686047,0.0015586926730208,0.0049320187888941,1.5607956932146103,0.006252666112991,0.0146676846198964,,,,,,23.695722060278054,0.0152719672769308,0.10584688642685451,0.08661816600937892,,,,,,0.9948321944687218,3.135996316657673,win
house_16H__task_359952,359952,house_16H,269,regression,42,0.1,lightgbm,B3_validation_selected,B1_bulk_single_spike,completed,,16404,2050,2051,2050,2279,2,,,,,rmse,33890.24379857194,,,,,,,,,,0.9125132040921612,,,0.2562857861355307,,"{'bulk': 2044, 'spike': 7}","{'bulk': 1870.8548351619504, 'spike': 180.1451648380497}",,,,,,,,,rmse,34426.86246467123,,,,,,,,,,0.9123381345580636,,,0.2538984353537669,,"{'bulk': 2272, 'spike': 7}","{'bulk': 2078.8730658903214, 'spike': 200.1269341096783}",,,,,,,,,,,,,,2051.0,2.0,spectral,disabled,,0.9376888698718612,0.3697422327080598,"{'router_mode': 'spectral', 'status': 'disabled'}",2279.0,2.0,spectral,disabled,,0.9413342580245804,0.3662980135743465,"{'router_mode': 'spectral', 'status': 'disabled'}",1148548624.7266438,33890.24379857194,0.5699104945761305,18467.04544929508,85134.166408661,,1185208859.1613884,34426.86246467123,0.5421584894413701,18028.52245996178,81493.9844754312,,26.634007211774588,0.0657161269336938,200.0,3300.0,3100.0,24.0,0.7952086929440786,0.7249428467886714,"{""status"": ""selected"", ""selected_arm"": ""B1_bulk_single_spike"", ""reference_arm"": ""B0_standard_A9"", ""reason"": ""candidate_passed_cross_fitted_gates"", ""evidence"": [{""arm_name"": ""B1_bulk_single_spike"", ""paired_fold_count"": 5, ""primary_metric"": ""rmse"", ""robust_metric"": ""mae"", ""mean_relative_gain"": 0.0489222748549032, ""median_relative_gain"": 0.03459723986098268, ""confidence_interval"": [0.022944374964636007, 0.08052784171451871], ""positive_fold_fraction"": 1.0, ""robust_mean_relative_gain"": 0.023465559118609557, ""robust_median_relative_gain"": 0.010575697320484226, ""robust_confidence_interval"": [0.003094689457600555, 0.051453234574685716], ""robust_positive_fold_fraction"": 0.8, ""tail_metric"": ""tail_mean_absolute_error"", ""tail_quantile"": 0.9, ""tail_mean_relative_gain"": 0.041726223114605804, ""tail_median_relative_gain"": 0.02492757439851366, ""tail_confidence_interval"": [0.01688453877083083, 0.08273295702476191], ""tail_positive_fold_fraction"": 1.0, ""eligible"": true, ""rejection_reasons"": [], ""classification_guard_evidence"": []}], ""eligible_candidate_arms"": [""B1_bulk_single_spike""]}",1640.0,1596.0,0.973170731707317,44.0,0.0268292682926829,2044.0,0.9965870307167236,0.9121671551252806,7.0,0.0034129692832764,0.0878328448747195,single_spike,True,1640.0,1640.0,False,rmse,29852.849993190343,,,,,,,,,84.9300272539258,0.0057245567440986,100.0,3100.0,3000.0,16.0,,,891192652.7159246,29852.849993190343,0.6557357910681538,14983.969735310551,68320.30052901029,0.1532186197473357,37107.90369102637,87824.69837839535,,,,,,23.744424618780613,0.0217402838170528,0.07224987023461216,0.07208352570353353,,,,,,1.1216952037956929,3.022781463512768,win
elevators__task_359936,359936,elevators,269,regression,46,0.01,lightgbm,B3_validation_selected,B1_bulk_single_spike,completed,,11951,1494,1494,1494,1660,2,,,,,rmse,0.0056382743266588,,,,,,,,,,0.7186186131526189,,,0.547476544994451,,"{'bulk': 771, 'spike': 723}","{'bulk': 774.186952419421, 'spike': 719.813047580579}",,,,,,,,,rmse,0.0055434681122584,,,,,,,,,,0.7172718040298024,,,0.5514052174985871,,"{'bulk': 838, 'spike': 822}","{'bulk': 842.3946643312391, 'spike': 817.605335668761}",,,,,,,,,,,,,,1494.0,2.0,spectral,disabled,,0.7081786955329236,0.7898416964665179,"{'router_mode': 'spectral', 'status': 'disabled'}",1660.0,2.0,spectral,disabled,,0.7155133984107638,0.7955095728055117,"{'router_mode': 'spectral', 'status': 'disabled'}",3.179013738266016e-05,0.0056382743266588,0.3227914539269035,0.0038386706506482,0.0132911261909552,,3.073003871162609e-05,0.0055434681122584,0.3533704406437677,0.0036183527988973,0.0130422953710478,,24.488388136029243,0.0496996138244867,200.0,420.0,220.0,2.0,0.3591744045819892,0.2416444472942577,"{""status"": ""selected"", ""selected_arm"": ""B1_bulk_single_spike"", ""reference_arm"": ""B0_standard_A9"", ""reason"": ""candidate_passed_cross_fitted_gates"", ""evidence"": [{""arm_name"": ""B1_bulk_single_spike"", ""paired_fold_count"": 5, ""primary_metric"": ""rmse"", ""robust_metric"": ""mae"", ""mean_relative_gain"": 0.0641614311985087, ""median_relative_gain"": 0.0637195001598714, ""confidence_interval"": [0.053214692452505416, 0.07607201184461243], ""positive_fold_fraction"": 1.0, ""robust_mean_relative_gain"": 0.1009005787767286, ""robust_median_relative_gain"": 0.09208212877566141, ""robust_confidence_interval"": [0.08324191390323915, 0.11855924365021804], ""robust_positive_fold_fraction"": 1.0, ""tail_metric"": ""tail_mean_absolute_error"", ""tail_quantile"": 0.9, ""tail_mean_relative_gain"": 0.03771054838242836, ""tail_median_relative_gain"": 0.04004707947084543, ""tail_confidence_interval"": [0.020416507755491274, 0.054143992994569935], ""tail_positive_fold_fraction"": 1.0, ""eligible"": true, ""rejection_reasons"": [], ""classification_guard_evidence"": []}], ""eligible_candidate_arms"": [""B1_bulk_single_spike""]}",120.0,60.0,0.5,60.0,0.5,771.0,0.5160642570281124,0.5181974246448601,723.0,0.4839357429718876,0.4818025753551399,single_spike,True,120.0,120.0,False,rmse,0.0021832436253616,,,,,,,,,0.3451592400670051,0.0016074571758508,100.0,3100.0,3000.0,20.0,,,4.76655272768214e-06,0.0021832436253616,0.8997009434686047,0.0015586926730208,0.0049320187888941,1.5390973539841446,0.0059459446865732,0.0135779670954844,,,,,,26.415545359253883,0.015904065221548,0.06768925638068084,0.039451540916957024,,,,,,0.9270445793560147,3.124962903016142,win
vehicle__task_190146,190146,vehicle,271,classification,42,0.01,lightgbm,B3_validation_selected,B1_bulk_single_spike,completed,,608,76,77,76,85,2,,,,,log_loss,1.4293996837172311,0.2597402597402597,0.1030927835051546,0.1071093854599009,0.0,,1.4293996837172311,0.7761038961038963,0.1402597402597401,,0.7422214642091904,,,0.525093474684786,,"{'bulk': 28, 'spike': 49}","{'bulk': 31.780505701620122, 'spike': 45.21949429837988}",,,,,,,,,log_loss,1.4300351127597613,0.2588235294117647,0.102803738317757,0.1064321055525013,0.0,,1.4300351127597613,0.7764705882352942,0.1411764705882352,,0.7586597023805081,,,0.50985504246115,,"{'bulk': 27, 'spike': 58}","{'bulk': 34.78825112246184, 'spike': 50.21174887753816}",,,,,,,,,,,,,,77.0,2.0,spectral,disabled,,0.7358701961970577,0.7575497519308951,"{'router_mode': 'spectral', 'status': 'disabled'}",85.0,2.0,spectral,disabled,,0.7565374800824565,0.7355653413309331,"{'router_mode': 'spectral', 'status': 'disabled'}",,,,,,,,,,,,,0.9342330880463124,0.0217968951910734,8.0,8.0,0.0,0.0,0.0,,"{""status"": ""selected"", ""selected_arm"": ""B1_bulk_single_spike"", ""reference_arm"": ""B0_standard_A9"", ""reason"": ""candidate_passed_cross_fitted_gates"", ""evidence"": [{""arm_name"": ""B1_bulk_single_spike"", ""paired_fold_count"": 5, ""primary_metric"": ""log_loss"", ""robust_metric"": null, ""mean_relative_gain"": 0.048240008699137873, ""median_relative_gain"": 0.05336163628585452, ""confidence_interval"": [0.018110051158595684, 0.07479109392342453], ""positive_fold_fraction"": 0.8, ""robust_mean_relative_gain"": null, ""robust_median_relative_gain"": null, ""robust_confidence_interval"": null, ""robust_positive_fold_fraction"": null, ""tail_metric"": null, ""tail_quantile"": null, ""tail_mean_relative_gain"": null, ""tail_median_relative_gain"": null, ""tail_confidence_interval"": null, ""tail_positive_fold_fraction"": null, ""eligible"": true, ""rejection_reasons"": [], ""classification_guard_evidence"": [{""metric"": ""log_loss"", ""direction"": ""lower"", ""gain_scale"": ""relative"", ""noninferiority_margin"": 0.01, ""paired_fold_count"": 5, ""mean_gain"": 0.048240008699137873, ""median_gain"": 0.05336163628585452, ""confidence_interval"": [0.01733867352336513, 0.07479109392342453], ""eligible"": true, ""rejection_reasons"": []}, {""metric"": ""brier_score"", ""direction"": ""lower"", ""gain_scale"": ""relative"", ""noninferiority_margin"": 0.01, ""paired_fold_count"": 5, ""mean_gain"": 0.0575969181484557, ""median_gain"": 0.06399999999999961, ""confidence_interval"": [0.021729032258064045, 0.08796983029541136], ""eligible"": true, ""rejection_reasons"": []}, {""metric"": ""expected_calibration_error"", ""direction"": ""lower"", ""gain_scale"": ""absolute"", ""noninferiority_margin"": 0.01, ""paired_fold_count"": 5, ""mean_gain"": 0.05766666666666662, ""median_gain"": 0.0749999999999999, ""confidence_interval"": [-0.0013333333333333448, 0.09499999999999992], ""eligible"": true, ""rejection_reasons"": []}, {""metric"": ""f1_macro"", ""direction"": ""higher"", ""gain_scale"": ""absolute"", ""noninferiority_margin"": 0.01, ""paired_fold_count"": 5, ""mean_gain"": 0.0, ""median_gain"": 0.0, ""confidence_interval"": [0.0, 0.0], ""eligible"": true, ""rejection_reasons"": []}, {""metric"": ""worst_class_recall"", ""direction"": ""higher"", ""gain_scale"": ""absolute"", ""noninferiority_margin"": 0.01, ""paired_fold_count"": 5, ""mean_gain"": 0.0, ""median_gain"": 0.0, ""confidence_interval"": [0.0, 0.0], ""eligible"": true, ""rejection_reasons"": []}]}], ""eligible_candidate_arms"": [""B1_bulk_single_spike""]}",6.0,3.0,0.5,3.0,0.5,28.0,0.3636363636363636,0.4127338402807808,49.0,0.6363636363636364,0.5872661597192192,single_spike,True,6.0,6.0,False,log_loss,0.6686890109124531,0.8,0.7986711413625764,0.7978622446142383,0.5238095238095238,,0.6686890109124531,0.3287288301110503,0.1291351954016437,0.7392846997827291,0.001938646659255,400.0,12268.0,11868.0,24.0,,,,,,,,1.1385652963078017,1.507412759219838,,1.507412759219838,0.8274509803921565,0.2411764705882352,0.102803738317757,0.0,0.9041857160627842,0.0146749727427959,0.05133142597262057,,0.05133142597262057,0.061611374407582346,0.09999999999999998,0.0,0.0,1.0332314163448273,1.485310778636623,win
jannis__task_211979,211979,jannis,271,classification,43,0.05,lightgbm,B3_validation_selected,B1_bulk_single_spike,completed,,60287,7536,7536,7536,8374,2,,,,,log_loss,0.9245036588109384,0.6613588110403397,0.4799436572845176,0.6521021099267561,0.0,,0.9245036588109384,0.4670509180315425,0.0998397119406704,,0.8604465065758715,,,0.3433204100450327,,"{'bulk': 7384, 'spike': 152}","{'bulk': 6462.650483904331, 'spike': 1073.3495160956695}",,,,,,,,,log_loss,0.9282316912130334,0.6616909481729162,0.4807785822754308,0.652529238908603,0.0,,0.9282316912130334,0.4718580380344873,0.103556124369821,,0.8588943862123252,,,0.3479023123488005,,"{'bulk': 8202, 'spike': 172}","{'bulk': 7167.506602966425, 'spike': 1206.4933970335746}",,,,,,,,,,,,,,7536.0,2.0,spectral,disabled,,0.8970347943794679,0.4953066530079343,"{'router_mode': 'spectral', 'status': 'disabled'}",8374.0,2.0,spectral,disabled,,0.8939654198645479,0.5019169407394176,"{'router_mode': 'spectral', 'status': 'disabled'}",,,,,,,,,,,,,252.4707011654973,0.1144431587308645,800.0,20562.0,19762.0,22.0,0.9094994113932656,0.8198965508631172,"{""status"": ""selected"", ""selected_arm"": ""B1_bulk_single_spike"", ""reference_arm"": ""B0_standard_A9"", ""reason"": ""candidate_passed_cross_fitted_gates"", ""evidence"": [{""arm_name"": ""B1_bulk_single_spike"", ""paired_fold_count"": 5, ""primary_metric"": ""log_loss"", ""robust_metric"": null, ""mean_relative_gain"": 0.039815577686592836, ""median_relative_gain"": 0.04705226483064585, ""confidence_interval"": [0.01799286066678773, 0.055703345425284455], ""positive_fold_fraction"": 1.0, ""robust_mean_relative_gain"": null, ""robust_median_relative_gain"": null, ""robust_confidence_interval"": null, ""robust_positive_fold_fraction"": null, ""tail_metric"": null, ""tail_quantile"": null, ""tail_mean_relative_gain"": null, ""tail_median_relative_gain"": null, ""tail_confidence_interval"": null, ""tail_positive_fold_fraction"": null, ""eligible"": true, ""rejection_reasons"": [], ""classification_guard_evidence"": [{""metric"": ""log_loss"", ""direction"": ""lower"", ""gain_scale"": ""relative"", ""noninferiority_margin"": 0.01, ""paired_fold_count"": 5, ""mean_gain"": 0.039815577686592836, ""median_gain"": 0.04705226483064585, ""confidence_interval"": [0.02025697841731613, 0.056750826968943714], ""eligible"": true, ""rejection_reasons"": []}, {""metric"": ""brier_score"", ""direction"": ""lower"", ""gain_scale"": ""relative"", ""noninferiority_margin"": 0.01, ""paired_fold_count"": 5, ""mean_gain"": 0.03040219722343837, ""median_gain"": 0.032351876156237566, ""confidence_interval"": [0.013896792901578827, 0.04690760154529792], ""eligible"": true, ""rejection_reasons"": []}, {""metric"": ""expected_calibration_error"", ""direction"": ""lower"", ""gain_scale"": ""absolute"", ""noninferiority_margin"": 0.01, ""paired_fold_count"": 5, ""mean_gain"": 0.0039796450949832725, ""median_gain"": 0.006628742973894805, ""confidence_interval"": [-0.004631418560098427, 0.011763260934920297], ""eligible"": true, ""rejection_reasons"": []}, {""metric"": ""f1_macro"", ""direction"": ""higher"", ""gain_scale"": ""absolute"", ""noninferiority_margin"": 0.01, ""paired_fold_count"": 5, ""mean_gain"": 0.01241282282406322, ""median_gain"": 0.0134337475315644, ""confidence_interval"": [0.004344332028733866, 0.02142453785319619], ""eligible"": true, ""rejection_reasons"": []}, {""metric"": ""worst_class_recall"", ""direction"": ""higher"", ""gain_scale"": ""absolute"", ""noninferiority_margin"": 0.01, ""paired_fold_count"": 5, ""mean_gain"": 0.0, ""median_gain"": 0.0, ""confidence_interval"": [0.0, 0.0], ""eligible"": true, ""rejection_reasons"": []}]}], ""eligible_candidate_arms"": [""B1_bulk_single_spike""]}",3014.0,2543.0,0.8437292634372926,471.0,0.1562707365627073,7384.0,0.9798301486199577,0.857570393299407,152.0,0.0201698513800424,0.1424296067005931,single_spike,True,3014.0,3014.0,True,log_loss,0.6906653408599944,0.7141151182230714,0.5593036123699532,0.7096572406703618,0.0769230769230769,,0.6906653408599944,0.3892196662021461,0.0174049946741454,2.0516626406461,0.0111807957291603,400.0,12400.0,12000.0,24.0,,,,,,,,0.3439673837653832,0.9762089576383136,,0.9762089576383136,0.4928763594275328,0.1115973938719321,0.4652498422673689,0.0,239.15869338437915,0.0796469524502754,0.049146513202817634,,0.049146513202817634,0.04264420678942261,0.008041269502111092,0.015528740008061925,0.0,1.0556618184885418,1.4368805737082384,win
elevators__task_359936,359936,elevators,269,regression,43,0.01,lightgbm,B3_validation_selected,B1_bulk_single_spike,completed,,11951,1494,1494,1494,1660,2,,,,,rmse,0.0059538273983995,,,,,,,,,,0.7081088330572672,,,0.5601700710997981,,"{'bulk': 798, 'spike': 696}","{'bulk': 779.8267994286243, 'spike': 714.1732005713757}",,,,,,,,,rmse,0.0058622914215548,,,,,,,,,,0.7114714888060273,,,0.5576167582968999,,"{'bulk': 817, 'spike': 843}","{'bulk': 830.2701771649613, 'spike': 829.7298228350387}",,,,,,,,,,,,,,1494.0,2.0,spectral,disabled,,0.695498035238562,0.808154583630097,"{'router_mode': 'spectral', 'status': 'disabled'}",1660.0,2.0,spectral,disabled,,0.7011174354010206,0.8044709319115172,"{'router_mode': 'spectral', 'status': 'disabled'}",3.5448060689933354e-05,0.0059538273983995,0.259907613778253,0.003783781541051,0.0146684050085861,,3.436646071123564e-05,0.0058622914215548,0.2768518922193163,0.0037304590388365,0.0143660503633946,,25.20845432393253,0.124522179365158,200.0,462.0,262.0,2.0,0.6966140476354242,0.6397299242036599,"{""status"": ""selected"", ""selected_arm"": ""B1_bulk_single_spike"", ""reference_arm"": ""B0_standard_A9"", ""reason"": ""candidate_passed_cross_fitted_gates"", ""evidence"": [{""arm_name"": ""B1_bulk_single_spike"", ""paired_fold_count"": 5, ""primary_metric"": ""rmse"", ""robust_metric"": ""mae"", ""mean_relative_gain"": 0.04355755742107918, ""median_relative_gain"": 0.04228861134206443, ""confidence_interval"": [0.04141363514846979, 0.04617716043469775], ""positive_fold_fraction"": 1.0, ""robust_mean_relative_gain"": 0.04546723795899067, ""robust_median_relative_gain"": 0.045939185447002984, ""robust_confidence_interval"": [0.04020142731933603, 0.0496448803238632], ""robust_positive_fold_fraction"": 1.0, ""tail_metric"": ""tail_mean_absolute_error"", ""tail_quantile"": 0.9, ""tail_mean_relative_gain"": 0.0526061290980485, ""tail_median_relative_gain"": 0.04775850338643683, ""tail_confidence_interval"": [0.038551755096222426, 0.066307409944506], ""tail_positive_fold_fraction"": 1.0, ""eligible"": true, ""rejection_reasons"": [], ""classification_guard_evidence"": []}], ""eligible_candidate_arms"": [""B1_bulk_single_spike""]}",120.0,62.0,0.5166666666666667,58.0,0.4833333333333333,798.0,0.5341365461847389,0.5219724226429882,696.0,0.465863453815261,0.4780275773570118,single_spike,True,120.0,120.0,False,rmse,0.0021832436253616,,,,,,,,,0.3727257363498211,0.0015465002506971,100.0,3100.0,3000.0,20.0,,,4.76655272768214e-06,0.0021832436253616,0.8997009434686047,0.0015586926730208,0.0049320187888941,1.6851292972784313,0.0061256629656685,0.0150940465970872,,,,,,23.526596071198583,0.014760673046112,0.042994782048861466,0.048230686781706895,,,,,,1.0714875304376432,8.436077337134533,win
jannis__task_211979,211979,jannis,271,classification,42,0.1,lightgbm,B3_validation_selected,B2_bulk_multi_spike,completed,,60287,7536,7536,7536,8374,3,,,,,log_loss,0.8481615395711206,0.6755573248407644,0.4948866004345998,0.6684658320422358,0.006578947368421,,0.8481615395711206,0.4463686139753283,0.0542587724628699,,0.817751083805085,,,0.4451865054951912,,"{'bulk': 7257, 'spike_0': 273, 'spike_1': 6}","{'bulk': 6113.3036939465255, 'spike_0': 1082.9842153666286, 'spike_1': 339.71209068684607}",,,,,,,,,log_loss,0.8432156236128018,0.6641987102937664,0.4848662562657545,0.6575119687879537,0.0,,0.8432156236128018,0.4511230522355726,0.0653900452346439,,0.8175140593509129,,,0.4456628203185649,,"{'bulk': 8039, 'spike_0': 323, 'spike_1': 12}","{'bulk': 6791.131556182331, 'spike_0': 1190.5740823048611, 'spike_1': 392.2943615128074}",,,,,,,,,,,,,,7536.0,3.0,spectral,disabled,,0.8481082381777263,0.4052262204666472,"{'router_mode': 'spectral', 'status': 'disabled'}",8374.0,3.0,spectral,disabled,,0.8475347971296999,0.4056597809031058,"{'router_mode': 'spectral', 'status': 'disabled'}",,,,,,,,,,,,,257.99137796647847,0.1385073382407426,1200.0,24684.0,23484.0,22.0,0.7170678797468407,0.7047117712527998,"{""status"": ""selected"", ""selected_arm"": ""B2_bulk_multi_spike"", ""reference_arm"": ""B0_standard_A9"", ""reason"": ""candidate_passed_cross_fitted_gates"", ""evidence"": [{""arm_name"": ""B1_bulk_single_spike"", ""paired_fold_count"": 5, ""primary_metric"": ""log_loss"", ""robust_metric"": null, ""mean_relative_gain"": 0.018266391271348457, ""median_relative_gain"": 0.01458695229427284, ""confidence_interval"": [0.005536850914333358, 0.03436818172697988], ""positive_fold_fraction"": 0.8, ""robust_mean_relative_gain"": null, ""robust_median_relative_gain"": null, ""robust_confidence_interval"": null, ""robust_positive_fold_fraction"": null, ""tail_metric"": null, ""tail_quantile"": null, ""tail_mean_relative_gain"": null, ""tail_median_relative_gain"": null, ""tail_confidence_interval"": null, ""tail_positive_fold_fraction"": null, ""eligible"": false, ""rejection_reasons"": [""classification_guard:expected_calibration_error:confidence_interval_exceeds_harm_margin""], ""classification_guard_evidence"": [{""metric"": ""log_loss"", ""direction"": ""lower"", ""gain_scale"": ""relative"", ""noninferiority_margin"": 0.01, ""paired_fold_count"": 5, ""mean_gain"": 0.018266391271348457, ""median_gain"": 0.01458695229427284, ""confidence_interval"": [0.005536850914333358, 0.03502018524659909], ""eligible"": true, ""rejection_reasons"": []}, {""metric"": ""brier_score"", ""direction"": ""lower"", ""gain_scale"": ""relative"", ""noninferiority_margin"": 0.01, ""paired_fold_count"": 5, ""mean_gain"": 0.007239144273081241, ""median_gain"": 0.005878944163776804, ""confidence_interval"": [-0.006295226695094182, 0.020013298930257557], ""eligible"": true, ""rejection_reasons"": []}, {""metric"": ""expected_calibration_error"", ""direction"": ""lower"", ""gain_scale"": ""absolute"", ""noninferiority_margin"": 0.01, ""paired_fold_count"": 5, ""mean_gain"": -0.0022926527805157914, ""median_gain"": -0.007450694986883041, ""confidence_interval"": [-0.012700362228896433, 0.007544545603914779], ""eligible"": false, ""rejection_reasons"": [""confidence_interval_exceeds_harm_margin""]}, {""metric"": ""f1_macro"", ""direction"": ""higher"", ""gain_scale"": ""absolute"", ""noninferiority_margin"": 0.01, ""paired_fold_count"": 5, ""mean_gain"": 0.008358918426374451, ""median_gain"": -0.00022105067719019322, ""confidence_interval"": [-0.005454254098184896, 0.025484087893841625], ""eligible"": true, ""rejection_reasons"": []}, {""metric"": ""worst_class_recall"", ""direction"": ""higher"", ""gain_scale"": ""absolute"", ""noninferiority_margin"": 0.01, ""paired_fold_count"": 5, ""mean_gain"": 0.006060606060606061, ""median_gain"": 0.0, ""confidence_interval"": [0.0, 0.01818181818181818], ""eligible"": true, ""rejection_reasons"": []}]}, {""arm_name"": ""B2_bulk_multi_spike"", ""paired_fold_count"": 5, ""primary_metric"": ""log_loss"", ""robust_metric"": null, ""mean_relative_gain"": 0.0238770014667695, ""median_relative_gain"": 0.022389687637433434, ""confidence_interval"": [0.01458697042775142, 0.03652776074672194], ""positive_fold_fraction"": 1.0, ""robust_mean_relative_gain"": null, ""robust_median_relative_gain"": null, ""robust_confidence_interval"": null, ""robust_positive_fold_fraction"": null, ""tail_metric"": null, ""tail_quantile"": null, ""tail_mean_relative_gain"": null, ""tail_median_relative_gain"": null, ""tail_confidence_interval"": null, ""tail_positive_fold_fraction"": null, ""eligible"": true, ""rejection_reasons"": [], ""classification_guard_evidence"": [{""metric"": ""log_loss"", ""direction"": ""lower"", ""gain_scale"": ""relative"", ""noninferiority_margin"": 0.01, ""paired_fold_count"": 5, ""mean_gain"": 0.0238770014667695, ""median_gain"": 0.022389687637433434, ""confidence_interval"": [0.014226693578233548, 0.03622986781534108], ""eligible"": true, ""rejection_reasons"": []}, {""metric"": ""brier_score"", ""direction"": ""lower"", ""gain_scale"": ""relative"", ""noninferiority_margin"": 0.01, ""paired_fold_count"": 5, ""mean_gain"": 0.010162775668416568, ""median_gain"": 0.015734377503097353, ""confidence_interval"": [-0.0015636022733305553, 0.020078555270577673], ""eligible"": true, ""rejection_reasons"": []}, {""metric"": ""expected_calibration_error"", ""direction"": ""lower"", ""gain_scale"": ""absolute"", ""noninferiority_margin"": 0.01, ""paired_fold_count"": 5, ""mean_gain"": 0.0012745104344798197, ""median_gain"": -0.0006895750652141097, ""confidence_interval"": [-0.003980875362040799, 0.006528411179526017], ""eligible"": true, ""rejection_reasons"": []}, {""metric"": ""f1_macro"", ""direction"": ""higher"", ""gain_scale"": ""absolute"", ""noninferiority_margin"": 0.01, ""paired_fold_count"": 5, ""mean_gain"": 0.009139347125306719, ""median_gain"": 0.007208383100271443, ""confidence_interval"": [-0.0011232050917500235, 0.020383717629283114], ""eligible"": true, ""rejection_reasons"": []}, {""metric"": ""worst_class_recall"", ""direction"": ""higher"", ""gain_scale"": ""absolute"", ""noninferiority_margin"": 0.01, ""paired_fold_count"": 5, ""mean_gain"": 0.006060606060606061, ""median_gain"": 0.0, ""confidence_interval"": [0.0, 0.01818181818181818], ""eligible"": true, ""rejection_reasons"": []}]}], ""eligible_candidate_arms"": [""B1_bulk_single_spike"", ""B2_bulk_multi_spike""]}",6029.0,4794.0,0.7951567424116769,0.0,0.0,7257.0,0.9629777070063694,0.811213335183987,0.0,0.0,0.0,multi_spike,True,6029.0,6029.0,True,log_loss,0.6906653408599944,0.7141151182230714,0.5593036123699532,0.7096572406703618,0.0769230769230769,,0.6906653408599944,0.3892196662021461,0.0174049946741454,1.951139381155372,0.0113853979855775,400.0,12400.0,12000.0,24.0,,,,,,,,0.2208743855060927,0.860849063224826,,0.860849063224826,0.449003878502921,0.050080018789948,0.4904628788050911,0.0,235.5296395048499,0.0904836729168891,0.02048377626847571,,0.02048377626847571,-0.004719722554997471,-0.015310026444695896,-0.005596622539336571,0.0,1.0953669292274615,1.5307439870170183,win
OnlineNewsPopularity__task_359941,359941,OnlineNewsPopularity,269,regression,45,0.05,lightgbm,B3_validation_selected,B2_bulk_multi_spike,completed,,28543,3568,3568,3568,3965,4,,,,,rmse,8410.28624508429,,,,,,,,,,0.8308022574458471,,,0.4759780719693586,,"{'bulk': 3476, 'spike_0': 84, 'spike_1': 4, 'spike_3': 4}","{'bulk': 2941.5831336009733, 'spike_0': 212.71080543671934, 'spike_1': 300.54234310815457, 'spike_3': 113.16371785415294}",,,,,,,,,rmse,15653.248204920716,,,,,,,,,,0.8326787906055544,,,0.4708406849488202,,"{'bulk': 3857, 'spike_0': 99, 'spike_1': 6, 'spike_3': 3}","{'bulk': 3274.79872665346, 'spike_0': 239.15526146631862, 'spike_1': 329.72543626382384, 'spike_3': 121.32057561639772}",,,,,,,,,,,,,,3568.0,4.0,spectral,disabled,,0.8537351227586323,0.3433456020010419,"{'router_mode': 'spectral', 'status': 'disabled'}",3965.0,4.0,spectral,disabled,,0.8550643297031761,0.3396397606122128,"{'router_mode': 'spectral', 'status': 'disabled'}",70732914.72425398,8410.28624508429,-0.0953883395539549,3649.9466442991006,17182.82066724157,,245024179.3648536,15653.248204920716,-0.013771005235025,3802.376714749677,18586.040184841124,,135.41831615380943,0.3635004684329033,400.0,4259.0,3859.0,22.0,0.4285105999427785,0.4592133783505923,"{""status"": ""selected"", ""selected_arm"": ""B2_bulk_multi_spike"", ""reference_arm"": ""B0_standard_A9"", ""reason"": ""candidate_passed_cross_fitted_gates"", ""evidence"": [{""arm_name"": ""B1_bulk_single_spike"", ""paired_fold_count"": 5, ""primary_metric"": ""rmse"", ""robust_metric"": ""mae"", ""mean_relative_gain"": 0.01689080876422807, ""median_relative_gain"": 0.008329027177753212, ""confidence_interval"": [0.0030603546056228274, 0.030763000064735972], ""positive_fold_fraction"": 1.0, ""robust_mean_relative_gain"": 0.011573784933270674, ""robust_median_relative_gain"": 0.009817979519753108, ""robust_confidence_interval"": [0.003262315468576588, 0.01988525439796476], ""robust_positive_fold_fraction"": 0.8, ""tail_metric"": ""tail_mean_absolute_error"", ""tail_quantile"": 0.9, ""tail_mean_relative_gain"": 0.043125960013247214, ""tail_median_relative_gain"": 0.03285357561070129, ""tail_confidence_interval"": [0.025657765624123873, 0.060937393857409254], ""tail_positive_fold_fraction"": 1.0, ""eligible"": true, ""rejection_reasons"": [], ""classification_guard_evidence"": []}, {""arm_name"": ""B2_bulk_multi_spike"", ""paired_fold_count"": 5, ""primary_metric"": ""rmse"", ""robust_metric"": ""mae"", ""mean_relative_gain"": 0.03253985283072797, ""median_relative_gain"": 0.03630090784925085, ""confidence_interval"": [0.018685611406908408, 0.04550886897846855], ""positive_fold_fraction"": 1.0, ""robust_mean_relative_gain"": 0.04876834337488116, ""robust_median_relative_gain"": 0.04857656817680843, ""robust_confidence_interval"": [0.04519548180637311, 0.05241405520504589], ""robust_positive_fold_fraction"": 1.0, ""tail_metric"": ""tail_mean_absolute_error"", ""tail_quantile"": 0.9, ""tail_mean_relative_gain"": 0.06940668680755367, ""tail_median_relative_gain"": 0.0725798304080687, ""tail_confidence_interval"": [0.04918641735126032, 0.08576244629074], ""tail_positive_fold_fraction"": 1.0, ""eligible"": true, ""rejection_reasons"": [], ""classification_guard_evidence"": []}], ""eligible_candidate_arms"": [""B1_bulk_single_spike"", ""B2_bulk_multi_spike""]}",1427.0,1149.0,0.8051857042747022,0.0,0.0,3476.0,0.9742152466367712,0.824434734753636,0.0,0.0,0.0,multi_spike,True,1427.0,1427.0,False,rmse,15576.101201323716,,,,,,,,,0.5201233401894569,0.0032810922712087,100.0,3100.0,3000.0,20.0,,,242614928.6338781,15576.101201323716,-0.0038028929379632,3193.217328279796,17963.302753305386,0.0049529084717582,15822.467749458036,20018.740813510627,,,,,,149.1215797327459,0.2258958555757999,0.010694889521460154,0.07156796933514295,,,,,,0.9081067703045038,1.6091506747937208,win
Brazilian_houses__task_359938,359938,Brazilian_houses,269,regression,42,0.2,lightgbm,B3_validation_selected,B1_bulk_single_spike,completed,,7697,962,963,962,1070,2,,,,,rmse,635.0679292996998,,,,,,,,,,0.8336879299692389,,,0.3800883985933964,,"{'bulk': 933, 'spike': 30}","{'bulk': 796.7191868025056, 'spike': 166.28081319749435}",,,,,,,,,rmse,9578.188982873651,,,,,,,,,,0.8351266886135191,,,0.3783188563234978,,"{'bulk': 1029, 'spike': 41}","{'bulk': 884.6576941738243, 'spike': 185.34230582617573}",,,,,,,,,,,,,,963.0,2.0,spectral,disabled,,0.8510077535781925,0.5483516477501208,"{'router_mode': 'spectral', 'status': 'disabled'}",1070.0,2.0,spectral,disabled,,0.8545070928917287,0.5457987378926945,"{'router_mode': 'spectral', 'status': 'disabled'}",403311.27482500847,635.0679292996998,0.9772248724662824,363.8031365614375,1588.7170566900083,,91741704.19164222,9578.188982873651,0.1643189949856357,642.301455804317,4427.85614886871,,13.327175572514534,0.1115599405020475,200.0,4225.0,4025.0,26.0,0.8356275259754008,0.9298437129152536,"{""status"": ""selected"", ""selected_arm"": ""B1_bulk_single_spike"", ""reference_arm"": ""B0_standard_A9"", ""reason"": ""candidate_passed_cross_fitted_gates"", ""evidence"": [{""arm_name"": ""B1_bulk_single_spike"", ""paired_fold_count"": 5, ""primary_metric"": ""rmse"", ""robust_metric"": ""mae"", ""mean_relative_gain"": 0.6924845521609417, ""median_relative_gain"": 0.6798445254071602, ""confidence_interval"": [0.6419140636982912, 0.7448534342208235], ""positive_fold_fraction"": 1.0, ""robust_mean_relative_gain"": 0.7311036147564149, ""robust_median_relative_gain"": 0.7356818743887847, ""robust_confidence_interval"": [0.7214934238695493, 0.7390917885753582], ""robust_positive_fold_fraction"": 1.0, ""tail_metric"": ""tail_mean_absolute_error"", ""tail_quantile"": 0.9, ""tail_mean_relative_gain"": 0.6188044869185623, ""tail_median_relative_gain"": 0.6216281443656991, ""tail_confidence_interval"": [0.5711973532775912, 0.67999168936337], ""tail_positive_fold_fraction"": 1.0, ""eligible"": true, ""rejection_reasons"": [], ""classification_guard_evidence"": []}], ""eligible_candidate_arms"": [""B1_bulk_single_spike""]}",1539.0,1259.0,0.8180636777128005,280.0,0.1819363222871994,933.0,0.968847352024922,0.8273304120482925,30.0,0.0311526479750778,0.1726695879517075,single_spike,True,1539.0,1539.0,False,rmse,10086.745910828737,,,,,,,,,0.2493927683681249,0.0035223774611949,100.0,3100.0,3000.0,16.0,,,101742443.06962022,10086.745910828737,0.0732216299423966,638.465333190685,5859.106818102628,-0.0504183343618396,9670.174746778845,7950.864799292426,,,,,,12.55972519889474,0.0198870003223419,0.009512316614116414,0.4430975421362014,,,,,,1.0611040736534054,5.609691692754503,win
Brazilian_houses__task_359938,359938,Brazilian_houses,269,regression,42,0.1,lightgbm,B3_validation_selected,B1_bulk_single_spike,completed,,7697,962,963,962,1070,2,,,,,rmse,716.6790986108567,,,,,,,,,,0.8336879299692389,,,0.3800883985933964,,"{'bulk': 933, 'spike': 30}","{'bulk': 796.7191868025056, 'spike': 166.28081319749435}",,,,,,,,,rmse,9575.535471163916,,,,,,,,,,0.8351266886135191,,,0.3783188563234978,,"{'bulk': 1029, 'spike': 41}","{'bulk': 884.6576941738243, 'spike': 185.34230582617573}",,,,,,,,,,,,,,963.0,2.0,spectral,disabled,,0.8510077535781925,0.5483516477501208,"{'router_mode': 'spectral', 'status': 'disabled'}",1070.0,2.0,spectral,disabled,,0.8545070928917287,0.5457987378926945,"{'router_mode': 'spectral', 'status': 'disabled'}",513628.93038567016,716.6790986108567,0.9709951962051736,389.296818427819,1745.1241219055523,,91690879.5595184,9575.535471163916,0.1647819597847635,686.2701824741661,4711.054623354562,,13.053753348067405,0.1132555995136499,200.0,3038.0,2838.0,20.0,0.911616856089007,0.8614711568267496,"{""status"": ""selected"", ""selected_arm"": ""B1_bulk_single_spike"", ""reference_arm"": ""B0_standard_A9"", ""reason"": ""candidate_passed_cross_fitted_gates"", ""evidence"": [{""arm_name"": ""B1_bulk_single_spike"", ""paired_fold_count"": 5, ""primary_metric"": ""rmse"", ""robust_metric"": ""mae"", ""mean_relative_gain"": 0.39469987359488606, ""median_relative_gain"": 0.34046918154139505, ""confidence_interval"": [0.2675624763688429, 0.5682645986529319], ""positive_fold_fraction"": 1.0, ""robust_mean_relative_gain"": 0.5113656205817185, ""robust_median_relative_gain"": 0.5137664843039923, ""robust_confidence_interval"": [0.4537315623333148, 0.5753852021383319], ""robust_positive_fold_fraction"": 1.0, ""tail_metric"": ""tail_mean_absolute_error"", ""tail_quantile"": 0.9, ""tail_mean_relative_gain"": 0.2932516262258573, ""tail_median_relative_gain"": 0.18653236828890898, ""tail_confidence_interval"": [0.17355091087553748, 0.4642754214413207], ""tail_positive_fold_fraction"": 1.0, ""eligible"": true, ""rejection_reasons"": [], ""classification_guard_evidence"": []}], ""eligible_candidate_arms"": [""B1_bulk_single_spike""]}",770.0,630.0,0.8181818181818182,140.0,0.1818181818181818,933.0,0.968847352024922,0.8273304120482925,30.0,0.0311526479750778,0.1726695879517075,single_spike,True,770.0,770.0,False,rmse,10086.745910828737,,,,,,,,,0.2493927683681249,0.0035223774611949,100.0,3100.0,3000.0,16.0,,,101742443.06962022,10086.745910828737,0.0732216299423966,638.465333190685,5859.106818102628,-0.0506814035154788,9639.606921102955,6059.683029584376,,,,,,12.163369903340936,0.0201727095991373,0.0066466869928871195,0.22255758257413574,,,,,,1.0732020362615056,5.614297819391271,win
OnlineNewsPopularity__task_359941,359941,OnlineNewsPopularity,269,regression,43,0.01,lightgbm,B3_validation_selected,B1_bulk_single_spike,completed,,28543,3568,3568,3568,3965,2,,,,,rmse,14222.599448116174,,,,,,,,,,0.8497817315262071,,,0.3784391814454629,,"{'bulk': 3492, 'spike': 76}","{'bulk': 3021.5997758916837, 'spike': 546.4002241083163}",,,,,,,,,rmse,15505.755346525417,,,,,,,,,,0.849883090207196,,,0.378671914078938,,"{'bulk': 3868, 'spike': 97}","{'bulk': 3355.0163418874067, 'spike': 609.9836581125935}",,,,,,,,,,,,,,3568.0,2.0,spectral,disabled,,0.8809670312873225,0.5459723303494479,"{'router_mode': 'spectral', 'status': 'disabled'}",3965.0,2.0,spectral,disabled,,0.8802621976710552,0.5463080925656156,"{'router_mode': 'spectral', 'status': 'disabled'}",202282335.0615545,14222.599448116174,0.0098225952162632,3165.9504675576923,17249.197148272313,,240428448.8663015,15505.755346525417,0.0052435195330343,3139.5567587029814,16776.38842674529,,91.21953564323483,0.1152719091624021,200.0,1118.0,918.0,8.0,0.4503717572204241,0.2292497274905693,"{""status"": ""selected"", ""selected_arm"": ""B1_bulk_single_spike"", ""reference_arm"": ""B0_standard_A9"", ""reason"": ""candidate_passed_cross_fitted_gates"", ""evidence"": [{""arm_name"": ""B1_bulk_single_spike"", ""paired_fold_count"": 5, ""primary_metric"": ""rmse"", ""robust_metric"": ""mae"", ""mean_relative_gain"": 0.01671565216975402, ""median_relative_gain"": 0.011561302719886039, ""confidence_interval"": [0.008906075199317107, 0.024525229140190934], ""positive_fold_fraction"": 1.0, ""robust_mean_relative_gain"": 0.10190018199749748, ""robust_median_relative_gain"": 0.11659369323620408, ""robust_confidence_interval"": [0.06926034188945888, 0.12518904309698428], ""robust_positive_fold_fraction"": 1.0, ""tail_metric"": ""tail_mean_absolute_error"", ""tail_quantile"": 0.9, ""tail_mean_relative_gain"": 0.019397992513914764, ""tail_median_relative_gain"": 0.028956791308101228, ""tail_confidence_interval"": [0.0003003234899202102, 0.03960207375060174], ""tail_positive_fold_fraction"": 0.8, ""eligible"": true, ""rejection_reasons"": [], ""classification_guard_evidence"": []}], ""eligible_candidate_arms"": [""B1_bulk_single_spike""]}",285.0,235.0,0.8245614035087719,50.0,0.175438596491228,3492.0,0.9786995515695068,0.8468609237364585,76.0,0.0213004484304932,0.1531390762635415,single_spike,True,285.0,285.0,False,rmse,15576.101201323716,,,,,,,,,102.15878852270544,0.0059688966721296,100.0,3100.0,3000.0,20.0,,,242614928.6338781,15576.101201323716,-0.0038028929379632,3193.217328279796,17963.302753305386,-0.0045162684736744,15593.682441946976,16910.9599220238,,,,,,156.01215772889557,0.036197580397129,0.005638635758352707,0.007957649707587278,,,,,,0.5846950453806827,3.1845197357872252,win
OnlineNewsPopularity__task_359941,359941,OnlineNewsPopularity,269,regression,42,0.05,lightgbm,B3_validation_selected,B1_bulk_single_spike,completed,,28543,3568,3568,3568,3965,2,,,,,rmse,7330.131101468373,,,,,,,,,,0.8222837054287682,,,0.4196148950455413,,"{'bulk': 3439, 'spike': 129}","{'bulk': 2913.408198164957, 'spike': 654.5918018350432}",,,,,,,,,rmse,15586.881790284206,,,,,,,,,,0.8204037380560598,,,0.4215239648760093,,"{'bulk': 3820, 'spike': 145}","{'bulk': 3231.3182337189173, 'spike': 733.6817662810827}",,,,,,,,,,,,,,3568.0,2.0,spectral,disabled,,0.8506420432936093,0.6053763281653453,"{'router_mode': 'spectral', 'status': 'disabled'}",3965.0,2.0,spectral,disabled,,0.8477471656653163,0.6081305337424723,"{'router_mode': 'spectral', 'status': 'disabled'}",53730821.96471395,7330.131101468373,-0.017564823543166,2916.0086998098086,14030.003734212776,,242950883.94429335,15586.881790284206,-0.0051928853609011,3259.621831071546,17305.561623443264,,65.52355130203068,0.0995003581047058,200.0,4124.0,3924.0,21.0,0.643953459470043,0.6262047024455754,"{""status"": ""selected"", ""selected_arm"": ""B1_bulk_single_spike"", ""reference_arm"": ""B0_standard_A9"", ""reason"": ""candidate_passed_cross_fitted_gates"", ""evidence"": [{""arm_name"": ""B1_bulk_single_spike"", ""paired_fold_count"": 5, ""primary_metric"": ""rmse"", ""robust_metric"": ""mae"", ""mean_relative_gain"": 0.06921859060748117, ""median_relative_gain"": 0.06808596849469348, ""confidence_interval"": [0.05590006180584294, 0.08309307264077548], ""positive_fold_fraction"": 1.0, ""robust_mean_relative_gain"": 0.25066068107257533, ""robust_median_relative_gain"": 0.25640288614106777, ""robust_confidence_interval"": [0.2342598840757902, 0.2611635926611117], ""robust_positive_fold_fraction"": 1.0, ""tail_metric"": ""tail_mean_absolute_error"", ""tail_quantile"": 0.9, ""tail_mean_relative_gain"": 0.09605216601146369, ""tail_median_relative_gain"": 0.1041378242943574, ""tail_confidence_interval"": [0.07086331923775253, 0.11876379091805234], ""tail_positive_fold_fraction"": 1.0, ""eligible"": true, ""rejection_reasons"": [], ""classification_guard_evidence"": []}, {""arm_name"": ""B2_bulk_multi_spike"", ""paired_fold_count"": 5, ""primary_metric"": ""rmse"", ""robust_metric"": ""mae"", ""mean_relative_gain"": 0.0731635525087333, ""median_relative_gain"": 0.07726248801577751, ""confidence_interval"": [0.05565137447105932, 0.0864912696819336], ""positive_fold_fraction"": 1.0, ""robust_mean_relative_gain"": 0.26573092424316846, ""robust_median_relative_gain"": 0.26691554529283096, ""robust_confidence_interval"": [0.2545521497073858, 0.2747311106365947], ""robust_positive_fold_fraction"": 1.0, ""tail_metric"": ""tail_mean_absolute_error"", ""tail_quantile"": 0.9, ""tail_mean_relative_gain"": 0.10488390034813495, ""tail_median_relative_gain"": 0.10447888545223503, ""tail_confidence_interval"": [0.0918924818007105, 0.11643735025624394], ""tail_positive_fold_fraction"": 1.0, ""eligible"": true, ""rejection_reasons"": [], ""classification_guard_evidence"": []}], ""eligible_candidate_arms"": [""B1_bulk_single_spike"", ""B2_bulk_multi_spike""]}",1427.0,1161.0,0.8135949544498949,266.0,0.1864050455501051,3439.0,0.9638452914798208,0.8165381721314341,129.0,0.0361547085201793,0.1834618278685659,single_spike,True,1427.0,1427.0,False,rmse,15576.101201323716,,,,,,,,,0.499240793287754,0.0033388528972864,100.0,3100.0,3000.0,20.0,,,242614928.6338781,15576.101201323716,-0.0038028929379632,3193.217328279796,17963.302753305386,0.0006921237106223,15659.476752237975,17872.297266623795,,,,,,61.62290194258094,0.0364317335188388,0.0046358485090119425,0.031710285181911116,,,,,,1.0632986963691566,2.7311453091644484,win
jannis__task_211979,211979,jannis,271,classification,46,0.2,lightgbm,B3_validation_selected,B1_bulk_single_spike,completed,,60287,7536,7536,7536,8374,2,,,,,log_loss,0.7644073809270295,0.6926751592356688,0.5116796899723086,0.6839691196845697,0.006578947368421,,0.7644073809270295,0.4200667093864736,0.0248881159711269,,0.858046479586106,,,0.3509226056500367,,"{'bulk': 7368, 'spike': 168}","{'bulk': 6438.597785034223, 'spike': 1097.4022149657762}",,,,,,,,,log_loss,0.7661343937617653,0.6850967279675185,0.5085662769195083,0.6766889575949088,0.0118343195266272,,0.7661343937617653,0.4241345841236581,0.0333043957435382,,0.8566866115635356,,,0.3525267607060578,,"{'bulk': 8180, 'spike': 194}","{'bulk': 7139.89074278686, 'spike': 1234.1092572131392}",,,,,,,,,,,,,,7536.0,2.0,spectral,disabled,,0.8908853912987547,0.5062743029071414,"{'router_mode': 'spectral', 'status': 'disabled'}",8374.0,2.0,spectral,disabled,,0.8894358895469452,0.5085886094512799,"{'router_mode': 'spectral', 'status': 'disabled'}",,,,,,,,,,,,,357.7545577492565,0.1030146367847919,800.0,23812.0,23012.0,19.0,0.9518439201754572,0.8637118583495177,"{""status"": ""selected"", ""selected_arm"": ""B1_bulk_single_spike"", ""reference_arm"": ""B0_standard_A9"", ""reason"": ""candidate_passed_cross_fitted_gates"", ""evidence"": [{""arm_name"": ""B1_bulk_single_spike"", ""paired_fold_count"": 5, ""primary_metric"": ""log_loss"", ""robust_metric"": null, ""mean_relative_gain"": 0.013838902072759313, ""median_relative_gain"": 0.009225298231857493, ""confidence_interval"": [0.005545024323498897, 0.022132779822019732], ""positive_fold_fraction"": 1.0, ""robust_mean_relative_gain"": null, ""robust_median_relative_gain"": null, ""robust_confidence_interval"": null, ""robust_positive_fold_fraction"": null, ""tail_metric"": null, ""tail_quantile"": null, ""tail_mean_relative_gain"": null, ""tail_median_relative_gain"": null, ""tail_confidence_interval"": null, ""tail_positive_fold_fraction"": null, ""eligible"": true, ""rejection_reasons"": [], ""classification_guard_evidence"": [{""metric"": ""log_loss"", ""direction"": ""lower"", ""gain_scale"": ""relative"", ""noninferiority_margin"": 0.01, ""paired_fold_count"": 5, ""mean_gain"": 0.013838902072759313, ""median_gain"": 0.009225298231857493, ""confidence_interval"": [0.005249115174108851, 0.02343755882418036], ""eligible"": true, ""rejection_reasons"": []}, {""metric"": ""brier_score"", ""direction"": ""lower"", ""gain_scale"": ""relative"", ""noninferiority_margin"": 0.01, ""paired_fold_count"": 5, ""mean_gain"": -0.0029013412971538636, ""median_gain"": -0.006109083525138005, ""confidence_interval"": [-0.007213951094987836, 0.0016621393646431587], ""eligible"": true, ""rejection_reasons"": []}, {""metric"": ""expected_calibration_error"", ""direction"": ""lower"", ""gain_scale"": ""absolute"", ""noninferiority_margin"": 0.01, ""paired_fold_count"": 5, ""mean_gain"": 0.0011110619088776606, ""median_gain"": 0.001494080796619366, ""confidence_interval"": [-0.0016003374636036419, 0.0038757534042106814], ""eligible"": true, ""rejection_reasons"": []}, {""metric"": ""f1_macro"", ""direction"": ""higher"", ""gain_scale"": ""absolute"", ""noninferiority_margin"": 0.01, ""paired_fold_count"": 5, ""mean_gain"": -0.0012355091308855037, ""median_gain"": -0.002161726770550154, ""confidence_interval"": [-0.006837150717448326, 0.0046333067576140195], ""eligible"": true, ""rejection_reasons"": []}, {""metric"": ""worst_class_recall"", ""direction"": ""higher"", ""gain_scale"": ""absolute"", ""noninferiority_margin"": 0.01, ""paired_fold_count"": 5, ""mean_gain"": 0.0, ""median_gain"": 0.0, ""confidence_interval"": [0.0, 0.0], ""eligible"": true, ""rejection_reasons"": []}]}, {""arm_name"": ""B2_bulk_multi_spike"", ""paired_fold_count"": 5, ""primary_metric"": ""log_loss"", ""robust_metric"": null, ""mean_relative_gain"": 0.013082152842549006, ""median_relative_gain"": 0.011568089485383962, ""confidence_interval"": [0.00482971813439974, 0.02133458755069827], ""positive_fold_fraction"": 1.0, ""robust_mean_relative_gain"": null, ""robust_median_relative_gain"": null, ""robust_confidence_interval"": null, ""robust_positive_fold_fraction"": null, ""tail_metric"": null, ""tail_quantile"": null, ""tail_mean_relative_gain"": null, ""tail_median_relative_gain"": null, ""tail_confidence_interval"": null, ""tail_positive_fold_fraction"": null, ""eligible"": false, ""rejection_reasons"": [""classification_guard:brier_score:confidence_interval_exceeds_harm_margin""], ""classification_guard_evidence"": [{""metric"": ""log_loss"", ""direction"": ""lower"", ""gain_scale"": ""relative"", ""noninferiority_margin"": 0.01, ""paired_fold_count"": 5, ""mean_gain"": 0.013082152842549006, ""median_gain"": 0.011568089485383962, ""confidence_interval"": [0.00482971813439974, 0.021671616743614862], ""eligible"": true, ""rejection_reasons"": []}, {""metric"": ""brier_score"", ""direction"": ""lower"", ""gain_scale"": ""relative"", ""noninferiority_margin"": 0.01, ""paired_fold_count"": 5, ""mean_gain"": -0.003115317041257714, ""median_gain"": 6.159225559194368e-05, ""confidence_interval"": [-0.011578272582451555, 0.005233872322294967], ""eligible"": false, ""rejection_reasons"": [""confidence_interval_exceeds_harm_margin""]}, {""metric"": ""expected_calibration_error"", ""direction"": ""lower"", ""gain_scale"": ""absolute"", ""noninferiority_margin"": 0.01, ""paired_fold_count"": 5, ""mean_gain"": 0.004397719756964255, ""median_gain"": 0.004660815001700756, ""confidence_interval"": [0.0036419415488638225, 0.005083772589383693], ""eligible"": true, ""rejection_reasons"": []}, {""metric"": ""f1_macro"", ""direction"": ""higher"", ""gain_scale"": ""absolute"", ""noninferiority_margin"": 0.01, ""paired_fold_count"": 5, ""mean_gain"": -0.0007480574163344133, ""median_gain"": 0.0006679402063365369, ""confidence_interval"": [-0.006410026520439483, 0.003986118458565424], ""eligible"": true, ""rejection_reasons"": []}, {""metric"": ""worst_class_recall"", ""direction"": ""higher"", ""gain_scale"": ""absolute"", ""noninferiority_margin"": 0.01, ""paired_fold_count"": 5, ""mean_gain"": 0.0, ""median_gain"": 0.0, ""confidence_interval"": [0.0, 0.0], ""eligible"": true, ""rejection_reasons"": []}]}], ""eligible_candidate_arms"": [""B1_bulk_single_spike"", ""B2_bulk_multi_spike""]}",12057.0,10754.0,0.8919299991706063,1303.0,0.1080700008293937,7368.0,0.9777070063694268,0.8543786869737557,168.0,0.0222929936305732,0.1456213130262442,single_spike,True,12057.0,12057.0,True,log_loss,0.6906653408599944,0.7141151182230714,0.5593036123699532,0.7096572406703618,0.0769230769230769,,0.6906653408599944,0.3892196662021461,0.0174049946741454,2.0118917115032677,0.0109609775245189,400.0,12400.0,12000.0,24.0,,,,,,,,0.1092700739953147,0.768848420613858,,0.768848420613858,0.4192254012274427,0.0371193952972429,0.5091906212209828,0.0118343195266272,275.72792714834213,0.0861229877918958,0.003529989500304694,,0.003529989500304694,-0.011710127491898002,0.0038149995537047066,-0.0006243443014745109,0.0,1.2974911952128225,1.196134033734552,win
OnlineNewsPopularity__task_359941,359941,OnlineNewsPopularity,269,regression,45,0.1,lightgbm,B3_validation_selected,B1_bulk_single_spike,completed,,28543,3568,3568,3568,3965,2,,,,,rmse,8234.164229833847,,,,,,,,,,0.8326530538421955,,,0.415149064827395,,"{'bulk': 3456, 'spike': 112}","{'bulk': 2941.5831336009733, 'spike': 626.4168663990268}",,,,,,,,,rmse,15681.284256962002,,,,,,,,,,0.8344810776033478,,,0.4114666482432838,,"{'bulk': 3841, 'spike': 124}","{'bulk': 3274.7987266534597, 'spike': 690.2012733465402}",,,,,,,,,,,,,,3568.0,2.0,spectral,disabled,,0.8537351227586323,0.5989334970561736,"{'router_mode': 'spectral', 'status': 'disabled'}",3965.0,2.0,spectral,disabled,,0.8550643297031761,0.593620892911789,"{'router_mode': 'spectral', 'status': 'disabled'}",67801460.56387521,8234.164229833847,-0.0499910769395985,3470.372574652952,16525.63506836865,,245902675.94764435,15681.284256962002,-0.0174057255558517,3594.772181506237,17910.359182852088,,155.76299188286066,0.2409928198903799,200.0,5263.0,5063.0,20.0,0.6421628931923179,0.6908257798623904,"{""status"": ""selected"", ""selected_arm"": ""B1_bulk_single_spike"", ""reference_arm"": ""B0_standard_A9"", ""reason"": ""candidate_passed_cross_fitted_gates"", ""evidence"": [{""arm_name"": ""B1_bulk_single_spike"", ""paired_fold_count"": 5, ""primary_metric"": ""rmse"", ""robust_metric"": ""mae"", ""mean_relative_gain"": 0.038832406318590765, ""median_relative_gain"": 0.025948602385219764, ""confidence_interval"": [0.024631421266731453, 0.05303339137045008], ""positive_fold_fraction"": 1.0, ""robust_mean_relative_gain"": 0.05592336642047276, ""robust_median_relative_gain"": 0.057671339886068505, ""robust_confidence_interval"": [0.04446843047854587, 0.067017190166964], ""robust_positive_fold_fraction"": 1.0, ""tail_metric"": ""tail_mean_absolute_error"", ""tail_quantile"": 0.9, ""tail_mean_relative_gain"": 0.07534210950718402, ""tail_median_relative_gain"": 0.08069987017959829, ""tail_confidence_interval"": [0.05240487510436278, 0.09608651023968749], ""tail_positive_fold_fraction"": 1.0, ""eligible"": true, ""rejection_reasons"": [], ""classification_guard_evidence"": []}, {""arm_name"": ""B2_bulk_multi_spike"", ""paired_fold_count"": 5, ""primary_metric"": ""rmse"", ""robust_metric"": ""mae"", ""mean_relative_gain"": 0.03694511136990101, ""median_relative_gain"": 0.028810837786073646, ""confidence_interval"": [0.024156364251025308, 0.05581788520641725], ""positive_fold_fraction"": 1.0, ""robust_mean_relative_gain"": 0.04675273667394013, ""robust_median_relative_gain"": 0.041364754262007454, ""robust_confidence_interval"": [0.03158579655265174, 0.06191967679522853], ""robust_positive_fold_fraction"": 1.0, ""tail_metric"": ""tail_mean_absolute_error"", ""tail_quantile"": 0.9, ""tail_mean_relative_gain"": 0.07244445799369373, ""tail_median_relative_gain"": 0.0716329513017657, ""tail_confidence_interval"": [0.05346873783456282, 0.09888454239893836], ""tail_positive_fold_fraction"": 1.0, ""eligible"": true, ""rejection_reasons"": [], ""classification_guard_evidence"": []}], ""eligible_candidate_arms"": [""B1_bulk_single_spike"", ""B2_bulk_multi_spike""]}",2854.0,2298.0,0.8051857042747022,556.0,0.1948142957252978,3456.0,0.968609865470852,0.824434734753636,112.0,0.0313901345291479,0.175565265246364,single_spike,True,2854.0,2854.0,False,rmse,15576.101201323716,,,,,,,,,0.5201233401894569,0.0032810922712087,100.0,3100.0,3000.0,20.0,,,242614928.6338781,15576.101201323716,-0.0038028929379632,3193.217328279796,17963.302753305386,0.0067528487571297,15698.323672160346,19418.06383375917,,,,,,152.47754723206162,0.1459651682525873,0.0010854289638938756,0.07764443787057032,,,,,,1.0215470717521367,1.6510296447803958,win
OnlineNewsPopularity__task_359941,359941,OnlineNewsPopularity,269,regression,45,0.2,lightgbm,B3_validation_selected,B2_bulk_multi_spike,completed,,28543,3568,3568,3568,3965,4,,,,,rmse,7945.798076457209,,,,,,,,,,0.8308022574458471,,,0.4759780719693586,,"{'bulk': 3476, 'spike_0': 84, 'spike_1': 4, 'spike_3': 4}","{'bulk': 2941.5831336009733, 'spike_0': 212.71080543671934, 'spike_1': 300.54234310815457, 'spike_3': 113.16371785415294}",,,,,,,,,rmse,15557.033940762349,,,,,,,,,,0.8326787906055544,,,0.4708406849488202,,"{'bulk': 3857, 'spike_0': 99, 'spike_1': 6, 'spike_3': 3}","{'bulk': 3274.79872665346, 'spike_0': 239.15526146631862, 'spike_1': 329.72543626382384, 'spike_3': 121.32057561639772}",,,,,,,,,,,,,,3568.0,4.0,spectral,disabled,,0.8537351227586323,0.3433456020010419,"{'router_mode': 'spectral', 'status': 'disabled'}",3965.0,4.0,spectral,disabled,,0.8550643297031761,0.3396397606122128,"{'router_mode': 'spectral', 'status': 'disabled'}",63135707.07183109,7945.798076457209,0.0222639968169731,3175.017318526451,15581.721843253274,,242021305.0340317,15557.033940762349,-0.0013468153577524,3304.2476507879755,17126.26165303365,,92.45143633335827,0.1186413988471031,400.0,6549.0,6149.0,21.0,0.6217655278940266,0.419295240832438,"{""status"": ""selected"", ""selected_arm"": ""B2_bulk_multi_spike"", ""reference_arm"": ""B0_standard_A9"", ""reason"": ""candidate_passed_cross_fitted_gates"", ""evidence"": [{""arm_name"": ""B1_bulk_single_spike"", ""paired_fold_count"": 5, ""primary_metric"": ""rmse"", ""robust_metric"": ""mae"", ""mean_relative_gain"": 0.04611857074201759, ""median_relative_gain"": 0.05275870574232622, ""confidence_interval"": [0.022307707425853866, 0.07159029299345171], ""positive_fold_fraction"": 1.0, ""robust_mean_relative_gain"": 0.0850686742765325, ""robust_median_relative_gain"": 0.08314968411847862, ""robust_confidence_interval"": [0.07609903319883884, 0.09567117916443053], ""robust_positive_fold_fraction"": 1.0, ""tail_metric"": ""tail_mean_absolute_error"", ""tail_quantile"": 0.9, ""tail_mean_relative_gain"": 0.09202152055252366, ""tail_median_relative_gain"": 0.10802968323216616, ""tail_confidence_interval"": [0.06078206904861344, 0.1206885685707487], ""tail_positive_fold_fraction"": 1.0, ""eligible"": true, ""rejection_reasons"": [], ""classification_guard_evidence"": []}, {""arm_name"": ""B2_bulk_multi_spike"", ""paired_fold_count"": 5, ""primary_metric"": ""rmse"", ""robust_metric"": ""mae"", ""mean_relative_gain"": 0.05260387633438398, ""median_relative_gain"": 0.05718447201482544, ""confidence_interval"": [0.025687880635256132, 0.07938180496577057], ""positive_fold_fraction"": 1.0, ""robust_mean_relative_gain"": 0.08242789947273617, ""robust_median_relative_gain"": 0.08493811040499545, ""robust_confidence_interval"": [0.07321430863732202, 0.08931735765555196], ""robust_positive_fold_fraction"": 1.0, ""tail_metric"": ""tail_mean_absolute_error"", ""tail_quantile"": 0.9, ""tail_mean_relative_gain"": 0.10005140922376243, ""tail_median_relative_gain"": 0.1195518651831653, ""tail_confidence_interval"": [0.06636850005298979, 0.13305195563516417], ""tail_positive_fold_fraction"": 1.0, ""eligible"": true, ""rejection_reasons"": [], ""classification_guard_evidence"": []}], ""eligible_candidate_arms"": [""B1_bulk_single_spike"", ""B2_bulk_multi_spike""]}",5709.0,4840.0,0.8477842003853564,0.0,0.0,3476.0,0.9742152466367712,0.824434734753636,0.0,0.0,0.0,multi_spike,True,5709.0,5709.0,False,rmse,15576.101201323716,,,,,,,,,0.5201233401894569,0.0032810922712087,100.0,3100.0,3000.0,20.0,,,242614928.6338781,15576.101201323716,-0.0038028929379632,3193.217328279796,17963.302753305386,-0.0012241356366989,15565.086525982371,18808.68228608289,,,,,,148.7529447991401,0.0415230989456176,0.0005173492101428819,0.0894491494650912,,,,,,0.6215099570512349,2.8572385457666973,win
elevators__task_359936,359936,elevators,269,regression,42,0.1,lightgbm,B3_validation_selected,B1_bulk_single_spike,completed,,11951,1494,1494,1494,1660,2,,,,,rmse,0.0032980167313857,,,,,,,,,,0.7082302897621788,,,0.5595024816685584,,"{'bulk': 727, 'spike': 767}","{'bulk': 739.3494597455738, 'spike': 754.6505402544262}",,,,,,,,,rmse,0.0034090355983227,,,,,,,,,,0.7110618314933705,,,0.5579032266127728,,"{'bulk': 755, 'spike': 905}","{'bulk': 789.721845492938, 'spike': 870.278154507062}",,,,,,,,,,,,,,1494.0,2.0,spectral,disabled,,0.6955443593213303,0.8071914556682974,"{'router_mode': 'spectral', 'status': 'disabled'}",1660.0,2.0,spectral,disabled,,0.7048387817728166,0.8048842183301989,"{'router_mode': 'spectral', 'status': 'disabled'}",1.0876914360500244e-05,0.0032980167313857,0.7565196317806113,0.0022543217848987,0.0079091367634679,,1.1621523710631822e-05,0.0034090355983227,0.7554568405665307,0.0023022237565532,0.007734535390774,,25.23151220008731,0.0495369229465723,200.0,4634.0,4434.0,19.0,0.9774368662717656,0.8399125005135792,"{""status"": ""selected"", ""selected_arm"": ""B1_bulk_single_spike"", ""reference_arm"": ""B0_standard_A9"", ""reason"": ""candidate_passed_cross_fitted_gates"", ""evidence"": [{""arm_name"": ""B1_bulk_single_spike"", ""paired_fold_count"": 5, ""primary_metric"": ""rmse"", ""robust_metric"": ""mae"", ""mean_relative_gain"": 0.04859451841185719, ""median_relative_gain"": 0.0480668940245892, ""confidence_interval"": [0.019201554207994746, 0.0807707144427259], ""positive_fold_fraction"": 1.0, ""robust_mean_relative_gain"": 0.05416841634171885, ""robust_median_relative_gain"": 0.03815058601374501, ""robust_confidence_interval"": [0.022402207862904804, 0.08636064225912307], ""robust_positive_fold_fraction"": 1.0, ""tail_metric"": ""tail_mean_absolute_error"", ""tail_quantile"": 0.9, ""tail_mean_relative_gain"": 0.029262086140997567, ""tail_median_relative_gain"": 0.005051273386579241, ""tail_confidence_interval"": [-0.005928007909146312, 0.06494119519450857], ""tail_positive_fold_fraction"": 0.6, ""eligible"": true, ""rejection_reasons"": [], ""classification_guard_evidence"": []}, {""arm_name"": ""B2_bulk_multi_spike"", ""paired_fold_count"": 5, ""primary_metric"": ""rmse"", ""robust_metric"": ""mae"", ""mean_relative_gain"": 0.0331707727406493, ""median_relative_gain"": 0.03494943711437241, ""confidence_interval"": [0.01079023066335968, 0.055533565871491275], ""positive_fold_fraction"": 0.8, ""robust_mean_relative_gain"": 0.022013298766351073, ""robust_median_relative_gain"": 0.01047193370350762, ""robust_confidence_interval"": [-0.004295590536300274, 0.05523739860118125], ""robust_positive_fold_fraction"": 0.6, ""tail_metric"": ""tail_mean_absolute_error"", ""tail_quantile"": 0.9, ""tail_mean_relative_gain"": 0.03128487014648588, ""tail_median_relative_gain"": 0.04207199726311262, ""tail_confidence_interval"": [0.009082831003488945, 0.04603334787787751], ""tail_positive_fold_fraction"": 0.8, ""eligible"": false, ""rejection_reasons"": [""robust_confidence_interval_exceeds_harm_margin""], ""classification_guard_evidence"": []}], ""eligible_candidate_arms"": [""B1_bulk_single_spike"", ""B2_bulk_multi_spike""]}",1195.0,597.0,0.499581589958159,598.0,0.500418410041841,727.0,0.4866131191432396,0.4948791564562073,767.0,0.5133868808567604,0.5051208435437926,single_spike,True,1195.0,1195.0,False,rmse,0.0021832436253616,,,,,,,,,0.3228576071560383,0.0019121430814266,100.0,3100.0,3000.0,20.0,,,4.76655272768214e-06,0.0021832436253616,0.8997009434686047,0.0015586926730208,0.0049320187888941,0.5614545068272494,0.0033839395871485,0.0076540625217321,,,,,,24.054625505581495,0.0215329956263303,-0.007416211350081284,-0.010513745976520852,,,,,,1.0489255878971275,2.300512376735874,harm
