status,scenario,problem,budget_ratio,seed,arm_id,policy,training_reweighting,target_size,selected_size,unique_selected_size,exact_budget,inclusion_saturated_count,inclusion_probability_min,inclusion_probability_max,training_weight_min,training_weight_max,effective_sample_size,rank,gram_relative_error,projection_cost_relative_error,max_principal_angle_degrees,mean_principal_angle_degrees,primary_metric,primary_score,rmse,mae,tail_mae,single_class_sample,runtime_seconds,roc_auc,log_loss
completed,low_rank_regression,regression,0.05,11,S0_uniform,uniform,none,30,30,30,True,0,0.049999999999999996,0.049999999999999996,1.0,1.0,30.0,4,0.35350733313910904,0.14068536981549554,8.08044982603661,5.43387505420996,rmse,0.7677514779973753,0.7677514779973753,0.541710922249975,0.8271389939941333,False,0.01776830000017071,,
completed,low_rank_regression,regression,0.05,11,S1_top_leverage,leverage,none,30,30,30,True,30,0.0,1.0,1.0,1.0,30.0,4,0.843717764143242,0.03505195528763121,3.618488354693271,2.699790710526758,rmse,1.3925031355946096,1.3925031355946096,1.1680525512040105,1.0054572410873228,False,0.007676500001252862,,
completed,low_rank_regression,regression,0.05,11,S2_capped_leverage,capped_leverage,none,30,30,30,True,0,0.0011150132427665941,0.12507241292602686,1.0,1.0,30.0,4,0.3236054708421629,0.10006356440012523,6.1516823703902475,4.51554493765986,rmse,0.7662726236626193,0.7662726236626193,0.5471887279987443,0.749974963172573,False,0.016827999999804888,,
completed,low_rank_regression,regression,0.05,11,S3_saturated_leverage,saturated_leverage,none,30,30,30,True,0,0.0010806430843719886,0.23698174592840598,1.0,1.0,30.0,4,0.37176898429963234,0.09518670989187149,5.7741222219792485,4.4668560900706336,rmse,0.8113801138481561,0.8113801138481561,0.5972138734329375,0.7464349451861276,False,0.01624680000168155,,
completed,low_rank_regression,regression,0.05,11,S4_robust_mixture,robust_leverage_mixture,none,30,30,30,True,0,0.013310482313278992,0.19023630944630446,1.0,1.0,30.0,4,0.35145000978498336,0.11430977695962175,7.43448627801147,4.616212506302335,rmse,0.8664044770615416,0.8664044770615416,0.6103510617577118,0.7907639949360702,False,0.016374400001950562,,
completed,low_rank_regression,regression,0.05,11,S5_robust_mixture_ipw,robust_leverage_mixture,inverse_probability,30,30,30,True,0,0.013310482313278992,0.19023630944630446,0.31162704309166533,1.7033809722807687,26.275910639395494,4,0.35145000978498336,0.11430977695962175,7.43448627801147,4.616212506302335,rmse,0.8530538067627331,0.8530538067627331,0.6061675985222323,0.7636391820278935,False,0.01634369999737828,,
completed,low_rank_regression,regression,0.05,11,S6_ridge_leverage_ipw,saturated_ridge_leverage,inverse_probability,30,30,30,True,0,0.02140938989875749,0.0948795380989555,0.6475585797458501,1.9945688373802124,27.933414509865052,4,0.3113252763740369,0.1122002697902837,7.53555689388404,4.986605556369417,rmse,0.8857832905830949,0.8857832905830949,0.6887760542489605,1.0314903957373815,False,0.016241100001934683,,
completed,low_rank_regression,regression,0.05,29,S0_uniform,uniform,none,30,30,30,True,0,0.049999999999999996,0.049999999999999996,1.0,1.0,30.0,4,0.36239804119634594,0.18952141667154082,12.46041687070572,6.075696640196348,rmse,0.9115184936633884,0.9115184936633884,0.5566383882727984,0.927394935474612,False,0.016030499999033054,,
completed,low_rank_regression,regression,0.05,29,S1_top_leverage,leverage,none,30,30,30,True,30,0.0,1.0,1.0,1.0,30.0,4,0.8564661591220369,0.05518310182008915,5.093754156809168,3.3776011143335785,rmse,1.3258393257340613,1.3258393257340613,1.0463954548808843,1.3387142977268014,False,0.007526100001996383,,
completed,low_rank_regression,regression,0.05,29,S2_capped_leverage,capped_leverage,none,30,30,30,True,0,0.0009252152763623558,0.11839403527051055,1.0,1.0,30.0,4,0.24720532361109693,0.16205907376953815,10.082417823002789,5.468114864449271,rmse,0.8680972235181189,0.8680972235181189,0.607013914044658,0.9940547430799531,False,0.01630220000151894,,
completed,low_rank_regression,regression,0.05,29,S3_saturated_leverage,saturated_leverage,none,30,30,30,True,0,0.0009033839285857804,0.2218541099833033,1.0,1.0,30.0,4,0.25429684177192785,0.16286933271062579,9.663179617788453,5.686677198151573,rmse,0.8810418315455981,0.8810418315455981,0.5796534071411706,0.9254297423082483,False,0.016008200000214856,,
completed,low_rank_regression,regression,0.05,29,S4_robust_mixture,robust_leverage_mixture,none,30,30,30,True,0,0.013177537946439336,0.1788905824874775,1.0,1.0,30.0,4,0.20286977383566202,0.15921087698063663,9.875952060341158,5.506459246805402,rmse,0.8753436110453641,0.8753436110453641,0.5710467257160537,0.9251900538695246,False,0.016004100001737243,,
completed,low_rank_regression,regression,0.05,29,S5_robust_mixture_ipw,robust_leverage_mixture,inverse_probability,30,30,30,True,0,0.013177537946439336,0.1788905824874775,0.3522356659706175,2.5860961113826684,25.075754547461017,4,0.20286977383566202,0.15921087698063663,9.875952060341158,5.506459246805402,rmse,0.8442326333841302,0.8442326333841302,0.5478833927654418,0.9121576095327584,False,0.016134600002260413,,
completed,low_rank_regression,regression,0.05,29,S6_ridge_leverage_ipw,saturated_ridge_leverage,inverse_probability,30,30,30,True,0,0.022316131019614494,0.08983073932847374,0.6276769540843798,2.0731641212566365,27.861806060750485,4,0.3970940033670133,0.18340476504741357,10.172911297193071,5.926414685206723,rmse,0.9601882818442365,0.9601882818442365,0.6181469437325994,0.9260837617181142,False,0.016006800000468502,,
completed,low_rank_regression,regression,0.05,47,S0_uniform,uniform,none,30,30,30,True,0,0.049999999999999996,0.049999999999999996,1.0,1.0,30.0,4,0.40242324945978836,0.22198959739640667,14.374838493466324,7.960308723037052,rmse,0.7494366592699722,0.7494366592699722,0.5766197742275492,0.7983759298375264,False,0.015523900001426227,,
completed,low_rank_regression,regression,0.05,47,S1_top_leverage,leverage,none,30,30,30,True,30,0.0,1.0,1.0,1.0,30.0,4,0.8456255697442387,0.04630504116661919,4.779649955556801,3.558776326178927,rmse,1.4613478981975945,1.4613478981975945,1.252300286742396,1.1217055726384282,False,0.007484199999453267,,
completed,low_rank_regression,regression,0.05,47,S2_capped_leverage,capped_leverage,none,30,30,30,True,0,0.0010175587505969965,0.12020767814777317,1.0,1.0,30.0,4,0.27454496827148434,0.1314713297367593,12.024513883121553,6.216525419715229,rmse,0.7499130537607902,0.7499130537607902,0.5597924841690164,0.7560369841723251,False,0.016250000000582077,,
completed,low_rank_regression,regression,0.05,47,S3_saturated_leverage,saturated_leverage,none,30,30,30,True,0,0.0009852667485409413,0.22351634855434271,1.0,1.0,30.0,4,0.34331204096881635,0.12534237046377453,10.019212385941097,6.070446926387296,rmse,0.7966830498400707,0.7966830498400707,0.5819674807702699,0.932413900295338,False,0.016168300000572344,,
completed,low_rank_regression,regression,0.05,47,S4_robust_mixture,robust_leverage_mixture,none,30,30,30,True,0,0.013238950061405705,0.18013726141575703,1.0,1.0,30.0,4,0.2908096337804198,0.10956199525177078,7.891587707973901,5.586455037645986,rmse,0.7534067303883474,0.7534067303883474,0.5649339567335702,0.7857877867599111,False,0.016040599999541882,,
completed,low_rank_regression,regression,0.05,47,S5_robust_mixture_ipw,robust_leverage_mixture,inverse_probability,30,30,30,True,0,0.013238950061405705,0.18013726141575703,0.33373879099111114,2.7180411260033663,23.328195749848422,4,0.2908096337804198,0.10956199525177078,7.891587707973901,5.586455037645986,rmse,0.7377657618600402,0.7377657618600402,0.5499846919150914,0.7461974076229284,False,0.016545400001632515,,
completed,low_rank_regression,regression,0.05,47,S6_ridge_leverage_ipw,saturated_ridge_leverage,inverse_probability,30,30,30,True,0,0.017859554244580765,0.08921944297130566,0.6541383511684029,1.8018339997174084,28.126023372233103,4,0.3118551405711073,0.14457734676145742,7.957019507131529,6.496847886216106,rmse,0.8253701481926243,0.8253701481926243,0.6280765919543108,0.8466534752824639,False,0.015899400001217145,,
completed,low_rank_regression,regression,0.1,11,S0_uniform,uniform,none,60,60,60,True,0,0.09999999999999999,0.09999999999999999,1.0,1.0,60.0,4,0.22255157944983198,0.04842143135536459,4.360399878422388,3.276443508332167,rmse,0.9433042860644696,0.9433042860644696,0.7168218203361042,0.9162256768821354,False,0.015506799998547649,,
completed,low_rank_regression,regression,0.1,11,S1_top_leverage,leverage,none,60,60,60,True,60,0.0,1.0,1.0,1.0,60.0,4,0.7321283742171499,0.01898749939954286,3.29514914439821,2.0486512612558387,rmse,1.1765565680872276,1.1765565680872276,0.9684303936186938,0.8570537015224955,False,0.007482799999706913,,
completed,low_rank_regression,regression,0.1,11,S2_capped_leverage,capped_leverage,none,60,60,60,True,0,0.0022300264855331883,0.2501448258520537,1.0,1.0,60.0,4,0.22282238038567356,0.05937658548272877,5.59023385340509,3.5487328641773934,rmse,0.9285411611029166,0.9285411611029166,0.7338479709655743,0.8167168565004875,False,0.01632640000025276,,
completed,low_rank_regression,regression,0.1,11,S3_saturated_leverage,saturated_leverage,none,60,60,60,True,0,0.0021612861687439772,0.47396349185681197,1.0,1.0,60.0,4,0.20779553164702902,0.0606741021137261,5.354977661923495,3.7321840406710303,rmse,0.9269316570357093,0.9269316570357093,0.7257883856449174,0.787477853771151,False,0.016780200003267964,,
completed,low_rank_regression,regression,0.1,11,S4_robust_mixture,robust_leverage_mixture,none,60,60,60,True,0,0.026620964626557983,0.3804726188926089,1.0,1.0,60.0,4,0.2253877285541119,0.04072704731375162,3.9186815387155507,2.906955562553696,rmse,0.9474785120763718,0.9474785120763718,0.7229172502607281,0.8469134670742205,False,0.016683900001225993,,
completed,low_rank_regression,regression,0.1,11,S5_robust_mixture_ipw,robust_leverage_mixture,inverse_probability,60,60,60,True,0,0.026620964626557983,0.3804726188926089,0.30052916421557474,3.1526178922382315,46.271009537661655,4,0.2253877285541119,0.04072704731375162,3.9186815387155507,2.906955562553696,rmse,0.8634020254356518,0.8634020254356518,0.6378700820895352,0.816572807754474,False,0.016633200000796933,,
completed,low_rank_regression,regression,0.1,11,S6_ridge_leverage_ipw,saturated_ridge_leverage,inverse_probability,60,60,60,True,0,0.04281877979751498,0.189759076197911,0.6277716333966994,1.9336223410950117,56.207849234121035,4,0.17584679566447634,0.03878855716260959,3.867980433083503,2.9823807836130434,rmse,0.9012811174502554,0.9012811174502554,0.6906603151770273,0.8713505603620864,False,0.016590899998845998,,
completed,low_rank_regression,regression,0.1,29,S0_uniform,uniform,none,60,60,60,True,0,0.09999999999999999,0.09999999999999999,1.0,1.0,60.0,4,0.1802981487733664,0.047609220468616556,4.532065165918149,3.1306833225602215,rmse,0.7782229531515696,0.7782229531515696,0.5339060013982403,0.9184631029486189,False,0.015568799997708993,,
completed,low_rank_regression,regression,0.1,29,S1_top_leverage,leverage,none,60,60,60,True,60,0.0,1.0,1.0,1.0,60.0,4,0.7554603870188883,0.021035312142637135,2.7952666521675673,2.1903689073022043,rmse,1.0824440481788604,1.0824440481788604,0.8527265897244957,1.0582626920227198,False,0.007479600000806386,,
completed,low_rank_regression,regression,0.1,29,S2_capped_leverage,capped_leverage,none,60,60,60,True,0,0.0018504305527247116,0.2367880705410211,1.0,1.0,60.0,4,0.16970552964648547,0.09531054422840801,7.171791259412949,4.544069291556342,rmse,0.944570673521986,0.944570673521986,0.6634866422901184,0.8582541511721871,False,0.01644499999747495,,
completed,low_rank_regression,regression,0.1,29,S3_saturated_leverage,saturated_leverage,none,60,60,60,True,0,0.0018067678571715609,0.4437082199666066,1.0,1.0,60.0,4,0.16885144267438454,0.07757127904654597,7.904911302940856,4.00497227117747,rmse,0.9214335064669101,0.9214335064669101,0.6367009647320634,0.9262007161289748,False,0.016587099999014754,,
completed,low_rank_regression,regression,0.1,29,S4_robust_mixture,robust_leverage_mixture,none,60,60,60,True,0,0.026355075892878672,0.357781164974955,1.0,1.0,60.0,4,0.18046206449051141,0.09488909472677044,7.785779399550088,4.454499658105301,rmse,0.8374848458922625,0.8374848458922625,0.5722875351844466,0.9111455897163427,False,0.016172799998457776,,
completed,low_rank_regression,regression,0.1,29,S5_robust_mixture_ipw,robust_leverage_mixture,inverse_probability,60,60,60,True,0,0.026355075892878672,0.357781164974955,0.3140518990074255,2.3057528616741334,50.09396254573403,4,0.18046206449051141,0.09488909472677044,7.785779399550088,4.454499658105301,rmse,0.8125234504298929,0.8125234504298929,0.5540801464490162,0.9118378448536213,False,0.016209999997954583,,
completed,low_rank_regression,regression,0.1,29,S6_ridge_leverage_ipw,saturated_ridge_leverage,inverse_probability,60,60,60,True,0,0.04463226203922899,0.17966147865694748,0.6266834324861967,2.06988260308452,55.848777588425314,4,0.2087470761636984,0.07583627155142894,6.632382510131166,3.8773103695550732,rmse,0.8824969042177562,0.8824969042177562,0.5661346658638872,0.9390920749736171,False,0.01669209999818122,,
completed,low_rank_regression,regression,0.1,47,S0_uniform,uniform,none,60,60,60,True,0,0.09999999999999999,0.09999999999999999,1.0,1.0,60.0,4,0.28585991675940337,0.05711741090559568,6.56060226506328,4.0553878210025145,rmse,0.6861221399837745,0.6861221399837745,0.512197351183174,0.6718774587242421,False,0.01581879999866942,,
completed,low_rank_regression,regression,0.1,47,S1_top_leverage,leverage,none,60,60,60,True,60,0.0,1.0,1.0,1.0,60.0,4,0.7445865971433744,0.015885221233163202,2.6500181562112886,2.118542491712847,rmse,1.024216686295313,1.024216686295313,0.8417905283584963,0.9969673557400401,False,0.007832299997971859,,
completed,low_rank_regression,regression,0.1,47,S2_capped_leverage,capped_leverage,none,60,60,60,True,0,0.002035117501193993,0.24041535629554633,1.0,1.0,60.0,4,0.1361554945312117,0.061120430979191794,6.2229818753448765,4.275395596806512,rmse,0.7276610339725926,0.7276610339725926,0.5670681302412693,0.7170577967333152,False,0.016468100002384745,,
completed,low_rank_regression,regression,0.1,47,S3_saturated_leverage,saturated_leverage,none,60,60,60,True,0,0.0019705334970818826,0.44703269710868543,1.0,1.0,60.0,4,0.15451899578645853,0.06212554375703682,5.892641098946355,4.328357980773302,rmse,0.7594051881737908,0.7594051881737908,0.6018309065449914,0.7161217602658185,False,0.016507199998159194,,
completed,low_rank_regression,regression,0.1,47,S4_robust_mixture,robust_leverage_mixture,none,60,60,60,True,0,0.02647790012281141,0.36027452283151407,1.0,1.0,60.0,4,0.191444984297449,0.03668191514979707,4.778440431940284,3.280239423091795,rmse,0.7141089501513127,0.7141089501513127,0.5253249750734544,0.8480246895053819,False,0.016190299997106194,,
completed,low_rank_regression,regression,0.1,47,S5_robust_mixture_ipw,robust_leverage_mixture,inverse_probability,60,60,60,True,0,0.02647790012281141,0.36027452283151407,0.32178278323079906,2.6206688046773476,46.010818928816356,4,0.191444984297449,0.03668191514979707,4.778440431940284,3.280239423091795,rmse,0.6956827715207968,0.6956827715207968,0.4921415959886293,0.8262473385573031,False,0.016540799999347655,,
completed,low_rank_regression,regression,0.1,47,S6_ridge_leverage_ipw,saturated_ridge_leverage,inverse_probability,60,60,60,True,0,0.03571910848916153,0.1784388859426113,0.6606993719531645,1.8199064308808162,56.90582064442177,4,0.3540524138715917,0.07219660424149596,5.690583923621355,4.5685696384938135,rmse,0.7098078121413179,0.7098078121413179,0.513896224650145,0.7481015053429261,False,0.016269200001261197,,
completed,low_rank_regression,regression,0.2,11,S0_uniform,uniform,none,120,120,120,True,0,0.19999999999999998,0.19999999999999998,1.0,1.0,120.0,4,0.25000415319367714,0.020349852119864516,3.0583660944497426,2.1081815454205124,rmse,0.7442108493526983,0.7442108493526983,0.5422061439256447,0.6897222633189036,False,0.015031800001452211,,
completed,low_rank_regression,regression,0.2,11,S1_top_leverage,leverage,none,120,120,120,True,120,0.0,1.0,1.0,1.0,120.0,4,0.5699603728835235,0.00810250758548134,2.0493879311607923,1.357914449263272,rmse,0.8855009346592695,0.8855009346592695,0.7003563575808778,0.7398779021875425,False,0.007852399998228066,,
completed,low_rank_regression,regression,0.2,11,S2_capped_leverage,capped_leverage,none,120,120,120,True,0,0.0044600529710663766,0.5002896517041074,1.0,1.0,120.0,4,0.14378156023534802,0.02101098111325676,3.054068616888319,2.163116351726746,rmse,0.810534726237737,0.810534726237737,0.6149104922275446,0.7385664165078045,False,0.016838200001075165,,
completed,low_rank_regression,regression,0.2,11,S3_saturated_leverage,saturated_leverage,none,120,120,120,True,0,0.0043225723374879545,0.9479269837136239,1.0,1.0,120.0,4,0.15136209665196254,0.017487197212261527,2.3357042133524772,1.9018168907916602,rmse,0.7864570291022632,0.7864570291022632,0.5835799258602337,0.7646856465659146,False,0.01670939999894472,,
completed,low_rank_regression,regression,0.2,11,S4_robust_mixture,robust_leverage_mixture,none,120,120,120,True,0,0.053241929253115966,0.7609452377852178,1.0,1.0,120.0,4,0.1356121420118893,0.02047493036637883,2.8058102688086,2.0583512848395875,rmse,0.8322851051119863,0.8322851051119863,0.6292400688138179,0.7748876201556424,False,0.017206000000442145,,
completed,low_rank_regression,regression,0.2,11,S5_robust_mixture_ipw,robust_leverage_mixture,inverse_probability,120,120,120,True,0,0.053241929253115966,0.7609452377852178,0.29222967023032304,3.0673595179068722,94.7724911798307,4,0.1356121420118893,0.02047493036637883,2.8058102688086,2.0583512848395875,rmse,0.7781471249355365,0.7781471249355365,0.5704965168767326,0.7613564489461142,False,0.016804200000478886,,
completed,low_rank_regression,regression,0.2,11,S6_ridge_leverage_ipw,saturated_ridge_leverage,inverse_probability,120,120,120,True,0,0.08563755959502996,0.379518152395822,0.6089849921719825,2.281367233513528,112.24688940107721,4,0.13661858313566588,0.021585545717364672,3.4979153539994,2.188863639134935,rmse,0.7498254468085035,0.7498254468085035,0.5393892289337866,0.7189172103290661,False,0.01691190000201459,,
completed,low_rank_regression,regression,0.2,29,S0_uniform,uniform,none,120,120,120,True,0,0.19999999999999998,0.19999999999999998,1.0,1.0,120.0,4,0.2644754685000122,0.018333351156651134,2.914779363685659,2.019173934095756,rmse,0.8322220891661166,0.8322220891661166,0.5610749240175198,0.9295435077195467,False,0.015171099999861326,,
completed,low_rank_regression,regression,0.2,29,S1_top_leverage,leverage,none,120,120,120,True,120,0.0,1.0,1.0,1.0,120.0,4,0.5945744104152018,0.010189486937043543,2.5320051559855927,1.4219624629058072,rmse,0.9131286910048033,0.9131286910048033,0.6603567812743116,0.8829884271226517,False,0.007860000001528533,,
completed,low_rank_regression,regression,0.2,29,S2_capped_leverage,capped_leverage,none,120,120,120,True,0,0.0037008611054494232,0.4735761410820422,1.0,1.0,120.0,4,0.15477268177648934,0.030440979933160753,3.79537700395148,2.515199216436131,rmse,0.8303926650346631,0.8303926650346631,0.580053269917252,0.8903011192370303,False,0.01656640000146581,,
completed,low_rank_regression,regression,0.2,29,S3_saturated_leverage,saturated_leverage,none,120,120,120,True,0,0.0036135357143431217,0.8874164399332132,1.0,1.0,120.0,4,0.08952309024184012,0.028351357370549744,4.049990784583748,2.5414003955508044,rmse,0.8608661653026985,0.8608661653026985,0.5848201257462403,0.8799158085863936,False,0.016649699999106815,,
completed,low_rank_regression,regression,0.2,29,S4_robust_mixture,robust_leverage_mixture,none,120,120,120,True,0,0.052710151785757345,0.71556232994991,1.0,1.0,120.0,4,0.10225808787530964,0.022816162787447518,3.3660578042695986,2.3211267178332116,rmse,0.844199367650479,0.844199367650479,0.568023951764773,0.9050241519505736,False,0.016499900000781054,,
completed,low_rank_regression,regression,0.2,29,S5_robust_mixture_ipw,robust_leverage_mixture,inverse_probability,120,120,120,True,0,0.052710151785757345,0.71556232994991,0.2829963527472062,2.4908193448289166,99.09077810067461,4,0.10225808787530964,0.022816162787447518,3.3660578042695986,2.3211267178332116,rmse,0.7952659637176809,0.7952659637176809,0.5206682455955671,0.9055625608641844,False,0.01661439999952563,,
completed,low_rank_regression,regression,0.2,29,S6_ridge_leverage_ipw,saturated_ridge_leverage,inverse_probability,120,120,120,True,0,0.08926452407845797,0.35932295731389496,0.5724454413101967,2.0963385772791683,111.74595451936429,4,0.1975327339929493,0.026848677372285964,3.7549572256041794,2.3411710277784397,rmse,0.8623487814332204,0.8623487814332204,0.570726706909855,0.9510158169212524,False,0.016376600000512553,,
completed,low_rank_regression,regression,0.2,47,S0_uniform,uniform,none,120,120,120,True,0,0.19999999999999998,0.19999999999999998,1.0,1.0,120.0,4,0.1296783792311265,0.029911282537788256,5.159624024503039,2.971797349545459,rmse,0.720773947871386,0.720773947871386,0.5039015517292597,0.8553223541962496,False,0.01488719999906607,,
completed,low_rank_regression,regression,0.2,47,S1_top_leverage,leverage,none,120,120,120,True,120,0.0,1.0,1.0,1.0,120.0,4,0.5779692881028197,0.006994339766514453,1.8870232108961393,1.4258285442750394,rmse,0.8933410567977803,0.8933410567977803,0.7486724635256036,0.7935595365760162,False,0.007598600001074374,,
completed,low_rank_regression,regression,0.2,47,S2_capped_leverage,capped_leverage,none,120,120,120,True,0,0.004070235002387986,0.48083071259109267,1.0,1.0,120.0,4,0.1570679063502728,0.02010143010371811,3.5978757790175386,2.4371016784799924,rmse,0.7411547403673728,0.7411547403673728,0.5485741181370962,0.8701232636550861,False,0.016351999998732936,,
completed,low_rank_regression,regression,0.2,47,S3_saturated_leverage,saturated_leverage,none,120,120,120,True,0,0.003941066994163765,0.8940653942173709,1.0,1.0,120.0,4,0.125736371613669,0.025788315253134124,4.115057040783382,2.658675115452353,rmse,0.7381612291849099,0.7381612291849099,0.5794546694527097,0.7781356834697368,False,0.016262799999822164,,
completed,low_rank_regression,regression,0.2,47,S4_robust_mixture,robust_leverage_mixture,none,120,120,120,True,0,0.05295580024562282,0.7205490456630281,1.0,1.0,120.0,4,0.12685806670841104,0.019355430060111454,3.091795951041628,2.4225408250968874,rmse,0.7348551261019796,0.7348551261019796,0.5496458831278289,0.8281634575071231,False,0.016727599999285303,,
completed,low_rank_regression,regression,0.2,47,S5_robust_mixture_ipw,robust_leverage_mixture,inverse_probability,120,120,120,True,0,0.05295580024562282,0.7205490456630281,0.3192254110296393,2.722571142339558,96.07553721025613,4,0.12685806670841104,0.019355430060111454,3.091795951041628,2.4225408250968874,rmse,0.6909828161153987,0.6909828161153987,0.49989204447259533,0.768404501847995,False,0.016512499998498242,,
completed,low_rank_regression,regression,0.2,47,S6_ridge_leverage_ipw,saturated_ridge_leverage,inverse_probability,120,120,120,True,0,0.07143821697832306,0.3568777718852226,0.5708211433663228,1.835604364438942,114.00161562272243,4,0.14915535254767207,0.025448063159306335,4.674494865330926,2.7667033560397973,rmse,0.662480931076545,0.662480931076545,0.4725905224073831,0.7127222710451755,False,0.016695900001650443,,
completed,high_leverage_regression,regression,0.05,11,S0_uniform,uniform,none,30,30,30,True,0,0.049999999999999996,0.049999999999999996,1.0,1.0,30.0,4,0.5126084321248203,0.22585752028356473,6.2747556523233285,4.219661639817311,rmse,5.449899928522033,5.449899928522033,1.6135401960569329,7.135708315363544,False,0.015673999998398358,,
completed,high_leverage_regression,regression,0.05,11,S1_top_leverage,leverage,none,30,30,30,True,30,0.0,1.0,1.0,1.0,30.0,4,0.33281715287892244,0.004098477155970634,1.0786117573881309,0.5981966287019397,rmse,25.311054834858606,25.311054834858606,22.583113247468088,26.31836908002963,False,0.007525500001065666,,
completed,high_leverage_regression,regression,0.05,11,S2_capped_leverage,capped_leverage,none,30,30,30,True,0,0.0002990031346298475,0.18672148591213855,1.0,1.0,30.0,4,0.39062831536329395,0.0905125453279469,4.9966041827444805,2.8210711022672896,rmse,9.338569118507174,9.338569118507174,4.068606400018821,11.508193838079409,False,0.016705000001820736,,
completed,high_leverage_regression,regression,0.05,11,S3_saturated_leverage,saturated_leverage,none,30,30,30,True,9,0.00015161149045733721,1.0,1.0,1.0,30.0,4,0.13839866015398794,0.07150353305479819,4.580680178185515,2.485686695811722,rmse,22.28803388867871,22.28803388867871,19.01571806581848,23.614799092996524,False,0.016618599998764694,,
completed,high_leverage_regression,regression,0.05,11,S4_robust_mixture,robust_leverage_mixture,none,30,30,30,True,3,0.012833330957091322,1.0,1.0,1.0,30.0,4,0.2191979607166418,0.08337527557623226,5.156996144212734,2.6084875977854085,rmse,20.306691405413027,20.306691405413027,17.530527094853575,20.254649834611023,False,0.01663669999834383,,
completed,high_leverage_regression,regression,0.05,11,S5_robust_mixture_ipw,robust_leverage_mixture,inverse_probability,30,30,30,True,3,0.012833330957091322,1.0,0.055502550918467064,3.116861505248567,14.705428865665116,4,0.2191979607166418,0.08337527557623226,5.156996144212734,2.6084875977854085,rmse,5.500744883883284,5.500744883883284,3.5183209905326027,7.907400126717874,False,0.01742460000241408,,
completed,high_leverage_regression,regression,0.05,11,S6_ridge_leverage_ipw,saturated_ridge_leverage,inverse_probability,30,30,30,True,0,0.021897393712888406,0.2549490230557987,0.1920726668133196,1.6869791439127444,26.77134566574382,4,0.3927113437480023,0.11636816788255938,4.904504239484301,2.885004405330888,rmse,7.766163377639714,7.766163377639714,5.633233412230693,10.988770357945343,False,0.018056800003250828,,
completed,high_leverage_regression,regression,0.05,29,S0_uniform,uniform,none,30,30,30,True,0,0.049999999999999996,0.049999999999999996,1.0,1.0,30.0,4,0.5584965385177554,0.28531741664143845,9.289452814410119,5.318930150757285,rmse,4.776264787234319,4.776264787234319,1.1936388211993818,7.060075336148321,False,0.01704010000321432,,
completed,high_leverage_regression,regression,0.05,29,S1_top_leverage,leverage,none,30,30,30,True,30,0.0,1.0,1.0,1.0,30.0,4,0.37479162321004345,0.003912765515884212,1.1525876013758045,0.6224167991918763,rmse,19.959501311445745,19.959501311445745,17.18868318836028,15.943260044199599,False,0.009030500001244945,,
completed,high_leverage_regression,regression,0.05,29,S2_capped_leverage,capped_leverage,none,30,30,30,True,0,0.00027863677530087837,0.15480887407485486,1.0,1.0,30.0,4,1.434148852937856,0.044633419769561325,3.509005827648207,2.095209889364658,rmse,12.62863179759656,12.62863179759656,8.605010597404522,18.235679677344102,False,0.018266399998537963,,
completed,high_leverage_regression,regression,0.05,29,S3_saturated_leverage,saturated_leverage,none,30,30,30,True,8,0.00015116118307211243,1.0,1.0,1.0,30.0,4,0.16395405237947072,0.12640549818798363,5.993829549476631,3.5779862822944932,rmse,19.91842061156526,19.91842061156526,16.456514485798102,18.443302207918286,False,0.01745659999869531,,
completed,high_leverage_regression,regression,0.05,29,S4_robust_mixture,robust_leverage_mixture,none,30,30,30,True,4,0.013362816547371053,1.0,1.0,1.0,30.0,4,0.238664397147026,0.06052659152523043,3.4973686803718826,2.5060759032498594,rmse,14.56555982760426,14.56555982760426,11.182913101848344,13.842404007369487,False,0.018226899999717716,,
completed,high_leverage_regression,regression,0.05,29,S5_robust_mixture_ipw,robust_leverage_mixture,inverse_probability,30,30,30,True,4,0.013362816547371053,1.0,0.051326410735863914,2.695042416031756,15.630987575217256,4,0.238664397147026,0.06052659152523043,3.4973686803718826,2.5060759032498594,rmse,5.9287506824188485,5.9287506824188485,3.1789580761411282,10.26049171763717,False,0.01782939999975497,,
completed,high_leverage_regression,regression,0.05,29,S6_ridge_leverage_ipw,saturated_ridge_leverage,inverse_probability,30,30,30,True,0,0.015919243508460926,0.3138414802416746,0.16961732673305221,2.1416307192079307,25.00672790642872,4,0.588543314456138,0.032604769072108596,3.1227023564762533,1.812727245607734,rmse,8.936230977967867,8.936230977967867,5.999118902062685,12.87190151913553,False,0.017997699997067684,,
completed,high_leverage_regression,regression,0.05,47,S0_uniform,uniform,none,30,30,30,True,0,0.049999999999999996,0.049999999999999996,1.0,1.0,30.0,4,0.6210673824526598,0.42815064351415794,12.243946041919406,7.27477482070176,rmse,4.87780997812861,4.87780997812861,1.3484873692243204,7.500907372916603,False,0.017963300000701565,,
completed,high_leverage_regression,regression,0.05,47,S1_top_leverage,leverage,none,30,30,30,True,30,0.0,1.0,1.0,1.0,30.0,4,0.35642570949768326,0.008364142052545225,1.897454874789406,1.0411553396706308,rmse,16.72854019114039,16.72854019114039,14.91235416395249,13.995276988248364,False,0.008761599998251768,,
completed,high_leverage_regression,regression,0.05,47,S2_capped_leverage,capped_leverage,none,30,30,30,True,0,0.0014979210095763026,0.15414437479527107,1.0,1.0,30.0,4,1.045732463502001,0.14237969485496815,7.16989251592132,4.349882293942971,rmse,6.747540558950553,6.747540558950553,3.1949957051368614,9.626265951564793,False,0.01838770000176737,,
completed,high_leverage_regression,regression,0.05,47,S3_saturated_leverage,saturated_leverage,none,30,30,30,True,8,0.000797033317944272,1.0,1.0,1.0,30.0,4,0.17272906883307862,0.12268204702989087,5.760270564951801,3.82557274497344,rmse,13.751592970186563,13.751592970186563,12.109326938925072,13.341669433786976,False,0.018480800001270836,,
completed,high_leverage_regression,regression,0.05,47,S4_robust_mixture,robust_leverage_mixture,none,30,30,30,True,4,0.013338045157531432,1.0,1.0,1.0,30.0,4,0.2751842956392021,0.08515385367091349,5.30841577747629,3.117043602250529,rmse,11.155482622476793,11.155482622476793,9.221118470404244,10.51822454674343,False,0.01868100000137929,,
completed,high_leverage_regression,regression,0.05,47,S5_robust_mixture_ipw,robust_leverage_mixture,inverse_probability,30,30,30,True,4,0.013338045157531432,1.0,0.051194222288509415,2.906617442294045,15.425314176377633,4,0.2751842956392021,0.08515385367091349,5.30841577747629,3.117043602250529,rmse,4.208860520183652,4.208860520183652,2.1274415520745884,6.521764773860541,False,0.018536999999923864,,
completed,high_leverage_regression,regression,0.05,47,S6_ridge_leverage_ipw,saturated_ridge_leverage,inverse_probability,30,30,30,True,0,0.017672296373246237,0.2647049137292266,0.23919267858029725,2.173579326906363,26.87728132780372,4,0.49571537069479893,0.2682522738784148,9.014787626075666,5.7715950938922145,rmse,4.400229272227549,4.400229272227549,1.4062352122640664,6.619207901553852,False,0.018352200000663288,,
completed,high_leverage_regression,regression,0.1,11,S0_uniform,uniform,none,60,60,60,True,0,0.09999999999999999,0.09999999999999999,1.0,1.0,60.0,4,0.9731419027733337,0.05927602133937081,3.1380670210525308,2.2529635569703155,rmse,10.219971164877512,10.219971164877512,5.977419548748494,14.850897074166557,False,0.018144900001061615,,
completed,high_leverage_regression,regression,0.1,11,S1_top_leverage,leverage,none,60,60,60,True,60,0.0,1.0,1.0,1.0,60.0,4,0.2809352299211069,0.0025885978040854304,0.7677955989016424,0.4777232083577001,rmse,13.981014619750356,13.981014619750356,11.630630809683039,14.178969829064076,False,0.008767699997406453,,
completed,high_leverage_regression,regression,0.1,11,S2_capped_leverage,capped_leverage,none,60,60,60,True,0,0.000598006269259695,0.3734429718242771,1.0,1.0,60.0,4,0.3384267427027628,0.03647319857119338,3.1631642933237147,1.6106773956725093,rmse,9.794341592820516,9.794341592820516,7.202494632269204,14.235828772213205,False,0.01841670000067097,,
completed,high_leverage_regression,regression,0.1,11,S3_saturated_leverage,saturated_leverage,none,60,60,60,True,20,0.00041777347727501294,1.0,1.0,1.0,60.0,4,0.0902681123204172,0.045230295950720846,3.3040095335943866,1.932766300309059,rmse,13.847239525884017,13.847239525884017,11.21808241907038,13.778950282923319,False,0.0180056000026525,,
completed,high_leverage_regression,regression,0.1,11,S4_robust_mixture,robust_leverage_mixture,none,60,60,60,True,15,0.030439857596606484,1.0,1.0,1.0,60.0,4,0.10915438341383826,0.039022632154916935,2.589687076284129,1.7983637964074388,rmse,11.092567209723212,11.092567209723212,8.64980963152341,11.19736581892783,False,0.018512200000259327,,
completed,high_leverage_regression,regression,0.1,11,S5_robust_mixture_ipw,robust_leverage_mixture,inverse_probability,60,60,60,True,15,0.030439857596606484,1.0,0.09768011828317225,2.7273188075134676,36.60175945328902,4,0.10915438341383826,0.039022632154916935,2.589687076284129,1.7983637964074388,rmse,5.242156940594099,5.242156940594099,2.715290798151825,7.363021842321774,False,0.019833000002108747,,
completed,high_leverage_regression,regression,0.1,11,S6_ridge_leverage_ipw,saturated_ridge_leverage,inverse_probability,60,60,60,True,0,0.04379478742577681,0.5098980461115974,0.20369416031180784,1.759013099316818,54.60766339710966,4,0.39150967402980474,0.04967719651801536,2.9286468529946696,1.9542484162206692,rmse,6.5497961437722125,6.5497961437722125,4.613894154893439,9.103660361881273,False,0.018836800001736265,,
completed,high_leverage_regression,regression,0.1,29,S0_uniform,uniform,none,60,60,60,True,0,0.09999999999999999,0.09999999999999999,1.0,1.0,60.0,4,1.1064943492314996,0.13492567574039907,5.890780253048169,3.2733852874468576,rmse,5.58521336836124,5.58521336836124,3.1791809641837387,10.198735240252603,False,0.016865399997186614,,
completed,high_leverage_regression,regression,0.1,29,S1_top_leverage,leverage,none,60,60,60,True,60,0.0,1.0,1.0,1.0,60.0,4,0.318909309716077,0.003073715471756136,0.9685680185243675,0.5639428060320899,rmse,13.696428729729853,13.696428729729853,10.641065453330752,12.750742503631164,False,0.009062000000994885,,
completed,high_leverage_regression,regression,0.1,29,S2_capped_leverage,capped_leverage,none,60,60,60,True,0,0.0005572735506017567,0.3096177481497097,1.0,1.0,60.0,4,0.3953881015620116,0.06388302635245834,4.073353573090816,2.324204143580264,rmse,6.880190750504855,6.880190750504855,3.686708215408414,10.918766475026752,False,0.01803519999884884,,
completed,high_leverage_regression,regression,0.1,29,S3_saturated_leverage,saturated_leverage,none,60,60,60,True,17,0.0003920757802108735,1.0,1.0,1.0,60.0,4,0.11780603079479948,0.0423025510375682,4.369022443405411,1.9545622363478707,rmse,13.641082574862217,13.641082574862217,10.674710687391858,11.495612478215344,False,0.0168080999974336,,
completed,high_leverage_regression,regression,0.1,29,S4_robust_mixture,robust_leverage_mixture,none,60,60,60,True,11,0.030613666150842885,1.0,1.0,1.0,60.0,4,0.12893438752696226,0.03945592853201549,2.999378579315717,1.9649823799056207,rmse,12.195685295501066,12.195685295501066,9.49767185933049,11.579468534214685,False,0.017007999998895684,,
completed,high_leverage_regression,regression,0.1,29,S5_robust_mixture_ipw,robust_leverage_mixture,inverse_probability,60,60,60,True,11,0.030613666150842885,1.0,0.09750599000446154,2.4752518246350865,39.53240051364073,4,0.12893438752696226,0.03945592853201549,2.999378579315717,1.9649823799056207,rmse,5.488476916331101,5.488476916331101,3.0812864215117988,8.829518732060212,False,0.017335800002911128,,
completed,high_leverage_regression,regression,0.1,29,S6_ridge_leverage_ipw,saturated_ridge_leverage,inverse_probability,60,60,60,True,0,0.03183848701692185,0.6276829604833492,0.1711375296933811,2.2710052371294345,51.394769327727325,4,0.44635905394601927,0.014215868611901557,1.713202946395941,1.2482861754174583,rmse,6.631491645376933,6.631491645376933,4.221911978074651,9.685585535570766,False,0.017263800000364427,,
completed,high_leverage_regression,regression,0.1,47,S0_uniform,uniform,none,60,60,60,True,0,0.09999999999999999,0.09999999999999999,1.0,1.0,60.0,4,0.5528999555579586,0.10296558135458718,6.292692861044197,3.446089662053587,rmse,7.645519150006943,7.645519150006943,3.5556941412791288,11.23289753354622,False,0.016667100000631763,,
completed,high_leverage_regression,regression,0.1,47,S1_top_leverage,leverage,none,60,60,60,True,60,0.0,1.0,1.0,1.0,60.0,4,0.30865599443224817,0.005164204668135023,1.564106569943164,0.8090055988630519,rmse,9.775155978540827,9.775155978540827,8.173914288657047,10.31752111830478,False,0.008880899997166125,,
completed,high_leverage_regression,regression,0.1,47,S2_capped_leverage,capped_leverage,none,60,60,60,True,0,0.002995842019152605,0.30828874959054214,1.0,1.0,60.0,4,0.42013462872948276,0.034227694320219056,2.9552446447311955,2.1015214602222874,rmse,6.604894356622408,6.604894356622408,4.2138560441792645,9.089248912750175,False,0.017398800002411008,,
completed,high_leverage_regression,regression,0.1,47,S3_saturated_leverage,saturated_leverage,none,60,60,60,True,18,0.0021399795321280467,1.0,1.0,1.0,60.0,4,0.09657930202925215,0.0538214835192441,5.1309139199792435,2.5642556311162465,rmse,9.707117637809155,9.707117637809155,8.155997362292773,10.234728124009797,False,0.01729909999994561,,
completed,high_leverage_regression,regression,0.1,47,S4_robust_mixture,robust_leverage_mixture,none,60,60,60,True,14,0.031897189355937744,1.0,1.0,1.0,60.0,4,0.08640263328463132,0.02478781895996741,2.9972367559019113,1.7986555306114793,rmse,9.621256866858532,9.621256866858532,7.899853244780936,10.101934101059536,False,0.018028300000878517,,
completed,high_leverage_regression,regression,0.1,47,S5_robust_mixture_ipw,robust_leverage_mixture,inverse_probability,60,60,60,True,14,0.031897189355937744,1.0,0.10119779583991928,2.936370233816876,35.11024482223965,4,0.08640263328463132,0.02478781895996741,2.9972367559019113,1.7986555306114793,rmse,4.640089665631809,4.640089665631809,2.2329601977167686,7.366079447493043,False,0.01748049999878276,,
completed,high_leverage_regression,regression,0.1,47,S6_ridge_leverage_ipw,saturated_ridge_leverage,inverse_probability,60,60,60,True,0,0.03534459274649247,0.5294098274584532,0.21278234595434997,2.280215740301501,52.79537479361794,4,0.3767435717193765,0.0570365845168501,4.425201974717369,2.551773957175913,rmse,5.099427524907932,5.099427524907932,2.1121724246824924,6.9728320853954475,False,0.018144099998608,,
completed,high_leverage_regression,regression,0.2,11,S0_uniform,uniform,none,120,120,120,True,0,0.19999999999999998,0.19999999999999998,1.0,1.0,120.0,4,0.5716563830658933,0.024981022205679663,1.9627582013672569,1.4379974834129874,rmse,7.841984090379003,7.841984090379003,4.026214973508063,10.66474762011865,False,0.015986800000973744,,
completed,high_leverage_regression,regression,0.2,11,S1_top_leverage,leverage,none,120,120,120,True,120,0.0,1.0,1.0,1.0,120.0,4,0.211466163543686,0.0018967915929958938,0.6461680915125708,0.3925652545374031,rmse,8.892250240406625,8.892250240406625,6.93021597218285,9.211322191344426,False,0.007984699997905409,,
completed,high_leverage_regression,regression,0.2,11,S2_capped_leverage,capped_leverage,none,120,120,120,True,0,0.00119601253851939,0.7468859436485542,1.0,1.0,120.0,4,0.12096406363460778,0.008716195184031267,1.6445405102532444,0.8706177989640973,rmse,9.241698926200128,9.241698926200128,7.274337510199896,9.242179531932043,False,0.016891999999643303,,
completed,high_leverage_regression,regression,0.2,11,S3_saturated_leverage,saturated_leverage,none,120,120,120,True,28,0.0011063837146014547,1.0,1.0,1.0,120.0,4,0.05353552714376272,0.011115156005011747,1.4644193388715416,0.9825771724503776,rmse,9.449139368218603,9.449139368218603,7.4843060944101865,9.309779210868507,False,0.017941399997653207,,
completed,high_leverage_regression,regression,0.2,11,S4_robust_mixture,robust_leverage_mixture,none,120,120,120,True,23,0.07473070195871526,1.0,1.0,1.0,120.0,4,0.047740393182817024,0.00943777770429881,1.6009735679104204,0.9055318013357472,rmse,8.983776283355551,8.983776283355551,6.969239186568741,8.748353057279921,False,0.017571299998962786,,
completed,high_leverage_regression,regression,0.2,11,S5_robust_mixture_ipw,robust_leverage_mixture,inverse_probability,120,120,120,True,23,0.07473070195871526,1.0,0.19399495091491462,2.4700891041908206,89.50964534821172,4,0.047740393182817024,0.00943777770429881,1.6009735679104204,0.9055318013357472,rmse,5.043501901218736,5.043501901218736,2.6084536450703264,6.583341220373721,False,0.01658119999774499,,
completed,high_leverage_regression,regression,0.2,11,S6_ridge_leverage_ipw,saturated_ridge_leverage,inverse_probability,120,120,120,True,1,0.0876041481271457,1.0,0.2073616197603863,2.0603353142139795,107.00060023221243,4,0.232227716415989,0.01103990802869057,1.5934367147965351,0.9961026624960927,rmse,5.364343696729242,5.364343696729242,2.533079030341627,7.255784001949516,False,0.017412900000636,,
completed,high_leverage_regression,regression,0.2,29,S0_uniform,uniform,none,120,120,120,True,0,0.19999999999999998,0.19999999999999998,1.0,1.0,120.0,4,0.6678919151323752,0.05493444521385529,3.5928087923874488,2.262581907032609,rmse,5.213052868987109,5.213052868987109,2.779519461136425,9.14729388165375,False,0.015693600002123276,,
completed,high_leverage_regression,regression,0.2,29,S1_top_leverage,leverage,none,120,120,120,True,120,0.0,1.0,1.0,1.0,120.0,4,0.24487837137373072,0.0026802191595455623,0.8535964838402356,0.5309650041123706,rmse,8.598133146969182,8.598133146969182,6.208562489962847,9.67816541895783,False,0.008263700001407415,,
completed,high_leverage_regression,regression,0.2,29,S2_capped_leverage,capped_leverage,none,120,120,120,True,0,0.0011145471012035135,0.6192354962994194,1.0,1.0,120.0,4,0.1792260539119632,0.00996706213814447,1.7232222239867743,1.0026927823614984,rmse,8.45032097939702,8.45032097939702,5.960502112810907,10.983662263378212,False,0.018183100000896957,,
completed,high_leverage_regression,regression,0.2,29,S3_saturated_leverage,saturated_leverage,none,120,120,120,True,25,0.0010053829701291155,1.0,1.0,1.0,120.0,4,0.05989373422670458,0.02379856859794526,2.9100097227232036,1.5154611541994778,rmse,8.579999559899429,8.579999559899429,6.3606038757910826,9.18214316642721,False,0.017240599998331163,,
completed,high_leverage_regression,regression,0.2,29,S4_robust_mixture,robust_leverage_mixture,none,120,120,120,True,23,0.07302145954852614,1.0,1.0,1.0,120.0,4,0.09271348043345554,0.012143817383603374,1.8661591611775676,1.1278102509551617,rmse,8.6739288736694,8.6739288736694,6.553572653548169,9.539017139838588,False,0.016874799999641255,,
completed,high_leverage_regression,regression,0.2,29,S5_robust_mixture_ipw,robust_leverage_mixture,inverse_probability,120,120,120,True,23,0.07302145954852614,1.0,0.1997673990911067,2.590402011320894,88.01453279529706,4,0.09271348043345554,0.012143817383603374,1.8661591611775676,1.1278102509551617,rmse,5.251105285940435,5.251105285940435,2.9604513757739386,8.391189972781799,False,0.01652969999850029,,
completed,high_leverage_regression,regression,0.2,29,S6_ridge_leverage_ipw,saturated_ridge_leverage,inverse_probability,120,120,120,True,2,0.06389136677727113,1.0,0.19352627427625854,2.082182679343829,105.61202657901987,4,0.18798111866196546,0.01729830502144307,2.0270617683262167,1.263504082047799,rmse,6.482896555879906,6.482896555879906,3.778503752666802,10.518363955956321,False,0.016875499997695442,,
completed,high_leverage_regression,regression,0.2,47,S0_uniform,uniform,none,120,120,120,True,0,0.19999999999999998,0.19999999999999998,1.0,1.0,120.0,4,0.4194795577277327,0.03555030622128886,3.0327263296987343,1.9218107163844604,rmse,5.709161288819839,5.709161288819839,2.786781302284426,7.677475567647687,False,0.015474600000743521,,
completed,high_leverage_regression,regression,0.2,47,S1_top_leverage,leverage,none,120,120,120,True,120,0.0,1.0,1.0,1.0,120.0,4,0.24102644700002773,0.0032900382039088598,1.2658796080626207,0.6360529926441253,rmse,6.385515273020621,6.385515273020621,4.743526811647706,8.336537023541505,False,0.008081500000116648,,
completed,high_leverage_regression,regression,0.2,47,S2_capped_leverage,capped_leverage,none,120,120,120,True,0,0.00599168403830521,0.6165774991810843,1.0,1.0,120.0,4,0.24275599479893004,0.012235022729695288,1.8606143812124059,1.2562007426866069,rmse,4.586801413138019,4.586801413138019,2.4189203743065613,6.351021182641121,False,0.016720499999792082,,
completed,high_leverage_regression,regression,0.2,47,S3_saturated_leverage,saturated_leverage,none,120,120,120,True,25,0.005403922179353656,1.0,1.0,1.0,120.0,4,0.05524735690770271,0.011698810721344528,2.566813406553544,1.2481432595489923,rmse,6.147019588598443,6.147019588598443,4.483010241849607,8.383956328474108,False,0.01605539999945904,,
completed,high_leverage_regression,regression,0.2,47,S4_robust_mixture,robust_leverage_mixture,none,120,120,120,True,21,0.07637563803646003,1.0,1.0,1.0,120.0,4,0.049587647765899,0.01419110772423341,2.126796954286989,1.2822976533908084,rmse,6.605475234408508,6.605475234408508,4.9808484773934785,8.722644489536652,False,0.016231899997364962,,
completed,high_leverage_regression,regression,0.2,47,S5_robust_mixture_ipw,robust_leverage_mixture,inverse_probability,120,120,120,True,21,0.07637563803646003,1.0,0.19661783432973867,2.3826499001495782,91.06876077203884,4,0.049587647765899,0.01419110772423341,2.126796954286989,1.2822976533908084,rmse,4.645972412316322,4.645972412316322,2.0312822204201653,7.321097449062964,False,0.016576599999098107,,
completed,high_leverage_regression,regression,0.2,47,S6_ridge_leverage_ipw,saturated_ridge_leverage,inverse_probability,120,120,120,True,1,0.07072414322154448,1.0,0.20084094346000697,1.9645059400710636,106.6075375471866,4,0.16376733979187919,0.0200317590350387,2.365720853877395,1.5966192495770508,rmse,5.800862020174626,5.800862020174626,2.1290511038428717,8.409587127723398,False,0.016668200001731748,,
completed,heavy_tail_regression,regression,0.05,11,S0_uniform,uniform,none,30,30,30,True,0,0.049999999999999996,0.049999999999999996,1.0,1.0,30.0,4,0.412706138663006,0.12522368939128353,14.685147601080153,8.042418685492132,rmse,1.0221923850958534,1.0221923850958534,0.7711607233133939,1.117175235374095,False,0.01643500000136555,,
completed,heavy_tail_regression,regression,0.05,11,S1_top_leverage,leverage,none,30,30,30,True,30,0.0,1.0,1.0,1.0,30.0,4,0.8438592111365468,0.03243967351010892,5.9183197481879555,4.367079773821069,rmse,1.6930570340186695,1.6930570340186695,1.4020914397214543,1.220702663609495,False,0.00823579999996582,,
completed,heavy_tail_regression,regression,0.05,11,S2_capped_leverage,capped_leverage,none,30,30,30,True,0,0.000519791530079272,0.12779814395377578,1.0,1.0,30.0,4,0.42234853540566275,0.1252020694713131,12.836180705997654,7.734452238542087,rmse,0.7969833794232201,0.7969833794232201,0.5747802840876646,0.7422568881465237,False,0.016715899997507222,,
completed,heavy_tail_regression,regression,0.05,11,S3_saturated_leverage,saturated_leverage,none,30,30,30,True,0,0.0005037762609250569,0.2440842333118198,1.0,1.0,30.0,4,0.36434320967573697,0.12160291338805697,11.532236669576724,8.059525436172539,rmse,0.8404298657835082,0.8404298657835082,0.6295119249354927,0.8091632213848703,False,0.016712100001313956,,
completed,heavy_tail_regression,regression,0.05,11,S4_robust_mixture,robust_leverage_mixture,none,30,30,30,True,0,0.012877832195693792,0.19556317498386486,1.0,1.0,30.0,4,0.42966425559833415,0.09837169498294183,10.808028714936768,7.239964367564767,rmse,0.874521323315069,0.874521323315069,0.6603688215660284,0.8325377437728558,False,0.01675210000030347,,
completed,heavy_tail_regression,regression,0.05,11,S5_robust_mixture_ipw,robust_leverage_mixture,inverse_probability,30,30,30,True,0,0.012877832195693792,0.19556317498386486,0.3170843524556439,1.760280280015399,25.950532171300804,4,0.42966425559833415,0.09837169498294183,10.808028714936768,7.239964367564767,rmse,0.8746670737305057,0.8746670737305057,0.6579500467201644,0.8326575722273752,False,0.016990399999485817,,
completed,heavy_tail_regression,regression,0.05,11,S6_ridge_leverage_ipw,saturated_ridge_leverage,inverse_probability,30,30,30,True,0,0.01196504517193949,0.28041072077441537,0.22555231685634203,2.585311158175706,23.332845211285008,4,0.4073317034853533,0.12321624935753925,11.830861821659065,7.999509266415563,rmse,0.9326787280628567,0.9326787280628567,0.6701761067705729,0.9651891339938379,False,0.017194799998833332,,
completed,heavy_tail_regression,regression,0.05,29,S0_uniform,uniform,none,30,30,30,True,0,0.049999999999999996,0.049999999999999996,1.0,1.0,30.0,4,0.4329271639603153,0.219260597096837,16.750738785043968,10.942138867351801,rmse,1.1212946924475118,1.1212946924475118,0.7635458564485819,1.1160421128215154,False,0.01677700000072946,,
completed,heavy_tail_regression,regression,0.05,29,S1_top_leverage,leverage,none,30,30,30,True,30,0.0,1.0,1.0,1.0,30.0,4,0.8535312204012693,0.24606277100449447,27.4068631626371,9.89299222341213,rmse,1.6146284188716271,1.6146284188716271,1.3003933717341645,1.2514283356847422,False,0.008754399997997098,,
completed,heavy_tail_regression,regression,0.05,29,S2_capped_leverage,capped_leverage,none,30,30,30,True,0,0.0005187833547819665,0.11882575221348084,1.0,1.0,30.0,4,0.3222104640588496,0.18214800041064208,15.972506947900547,9.804564868617728,rmse,0.9641216701242401,0.9641216701242401,0.6566825020135247,1.031544103438172,False,0.016857200000231387,,
completed,heavy_tail_regression,regression,0.05,29,S3_saturated_leverage,saturated_leverage,none,30,30,30,True,0,0.0005072329728609061,0.2057736260428787,1.0,1.0,30.0,4,0.3342072881280895,0.19159337295424084,16.973334416347427,9.763850196446473,rmse,0.9512372643897841,0.9512372643897841,0.6563737155268557,1.0059228969095089,False,0.01677670000208309,,
completed,heavy_tail_regression,regression,0.05,29,S4_robust_mixture,robust_leverage_mixture,none,30,30,30,True,0,0.012880424729645679,0.16683021953215904,1.0,1.0,30.0,4,0.3110211966621525,0.1842144969741894,17.102137941177673,9.869571576003583,rmse,0.9659982372787884,0.9659982372787884,0.6529630077000147,1.0494030877843923,False,0.01705980000042473,,
completed,heavy_tail_regression,regression,0.05,29,S5_robust_mixture_ipw,robust_leverage_mixture,inverse_probability,30,30,30,True,0,0.012880424729645679,0.16683021953215904,0.38041147352267013,2.364177457687713,24.689614968141914,4,0.3110211966621525,0.1842144969741894,17.102137941177673,9.869571576003583,rmse,0.9669076707628053,0.9669076707628053,0.6463957195864509,1.0397133492284045,False,0.017158499998913612,,
completed,heavy_tail_regression,regression,0.05,29,S6_ridge_leverage_ipw,saturated_ridge_leverage,inverse_probability,30,30,30,True,0,0.013616951327168758,0.7278240588907349,0.07333156745896424,2.076070118335245,24.035671976981437,4,0.3902467089168062,0.12591172143687476,12.73556094540432,8.397785621302255,rmse,1.1490737463517378,1.1490737463517378,0.8301196874956724,1.1569863914359477,False,0.01710839999941527,,
completed,heavy_tail_regression,regression,0.05,47,S0_uniform,uniform,none,30,30,30,True,0,0.049999999999999996,0.049999999999999996,1.0,1.0,30.0,4,0.46988027135148636,0.20830287626427493,18.699792915395303,10.53487707126136,rmse,0.7272397700714182,0.7272397700714182,0.5303928570429445,0.7861267982932676,False,0.01763510000091628,,
completed,heavy_tail_regression,regression,0.05,47,S1_top_leverage,leverage,none,30,30,30,True,30,0.0,1.0,1.0,1.0,30.0,4,0.8528726537824968,0.04379513028392554,7.905860224182901,5.468396795982801,rmse,1.486380537748326,1.486380537748326,1.195501545464171,1.3439828158363338,False,0.00904649999938556,,
completed,heavy_tail_regression,regression,0.05,47,S2_capped_leverage,capped_leverage,none,30,30,30,True,0,0.002103186249641159,0.1211571973866947,1.0,1.0,30.0,4,0.32058484300750384,0.09778166552213345,15.919909440814509,8.227643693258058,rmse,1.1544693207736636,1.1544693207736636,0.8571279371050636,1.1005614761042952,False,0.018290799998794682,,
completed,heavy_tail_regression,regression,0.05,47,S3_saturated_leverage,saturated_leverage,none,30,30,30,True,0,0.002039357590931421,0.23152679215644606,1.0,1.0,30.0,4,0.3165778384955525,0.1299548881189102,16.132732937938925,9.450178857695922,rmse,1.0723491830986447,1.0723491830986447,0.8261734689253782,1.0624831988206922,False,0.0183201999971061,,
completed,heavy_tail_regression,regression,0.05,47,S4_robust_mixture,robust_leverage_mixture,none,30,30,30,True,0,0.014029518193198566,0.18614509411733454,1.0,1.0,30.0,4,0.30620889887106456,0.09092373719897383,12.864682536784361,8.05541252477436,rmse,1.110518761578387,1.110518761578387,0.8555022038663543,1.002762241475753,False,0.019224100000428734,,
completed,heavy_tail_regression,regression,0.05,47,S5_robust_mixture_ipw,robust_leverage_mixture,inverse_probability,30,30,30,True,0,0.014029518193198566,0.18614509411733454,0.3823069041109361,2.5985290299348014,24.698311747864963,4,0.30620889887106456,0.09092373719897383,12.864682536784361,8.05541252477436,rmse,1.0413770451818118,1.0413770451818118,0.8075737419882343,0.9700975598196766,False,0.01843139999982668,,
completed,heavy_tail_regression,regression,0.05,47,S6_ridge_leverage_ipw,saturated_ridge_leverage,inverse_probability,30,30,30,True,0,0.012084411911333916,0.42993494801312987,0.20468136864356296,2.006306043575823,25.038950990891472,4,0.3773520066625949,0.10051672948111635,12.416164600402999,8.164884252032241,rmse,0.9438490398350515,0.9438490398350515,0.7230476047331093,1.0777310625043488,False,0.020039499999256805,,
completed,heavy_tail_regression,regression,0.1,11,S0_uniform,uniform,none,60,60,60,True,0,0.09999999999999999,0.09999999999999999,1.0,1.0,60.0,4,0.26354113367834336,0.04648444195113589,7.847163225265111,5.3778100953986945,rmse,1.0105797845978537,1.0105797845978537,0.7590512260065349,1.253307872024085,False,0.01929050000035204,,
completed,heavy_tail_regression,regression,0.1,11,S1_top_leverage,leverage,none,60,60,60,True,60,0.0,1.0,1.0,1.0,60.0,4,0.7392626744383857,0.016845349654620034,4.062888027963527,3.116410405538316,rmse,1.4487547394748397,1.4487547394748397,1.1695394964266037,1.2445872156045563,False,0.009438099998078542,,
completed,heavy_tail_regression,regression,0.1,11,S2_capped_leverage,capped_leverage,none,60,60,60,True,0,0.001039583060158544,0.25559628790755157,1.0,1.0,60.0,4,0.20606698373047172,0.052688964096482244,7.271605577084537,5.340005660543808,rmse,0.8853827870084544,0.8853827870084544,0.6800978119714582,0.8994432182597875,False,0.018776900000375463,,
completed,heavy_tail_regression,regression,0.1,11,S3_saturated_leverage,saturated_leverage,none,60,60,60,True,0,0.0010075525218501138,0.4881684666236396,1.0,1.0,60.0,4,0.2134206648267366,0.05622966896822181,6.836237010635914,5.725326707540036,rmse,1.040435130572431,1.040435130572431,0.797243643760234,1.0131190116590738,False,0.018526800002291566,,
completed,heavy_tail_regression,regression,0.1,11,S4_robust_mixture,robust_leverage_mixture,none,60,60,60,True,0,0.025755664391387583,0.3911263499677297,1.0,1.0,60.0,4,0.24816431167265005,0.05963442631166755,8.632595375786728,5.654990273682855,rmse,1.0891286656661794,1.0891286656661794,0.8347059106062419,1.0282267356189911,False,0.018205399999715155,,
completed,heavy_tail_regression,regression,0.1,11,S5_robust_mixture_ipw,robust_leverage_mixture,inverse_probability,60,60,60,True,0,0.025755664391387583,0.3911263499677297,0.3018033649626842,2.411089836269854,50.63949949581271,4,0.24816431167265005,0.05963442631166755,8.632595375786728,5.654990273682855,rmse,0.9712594388600254,0.9712594388600254,0.7358577962641815,0.9545726815345326,False,0.018212099999800557,,
completed,heavy_tail_regression,regression,0.1,11,S6_ridge_leverage_ipw,saturated_ridge_leverage,inverse_probability,60,60,60,True,0,0.02393009034387898,0.5608214415488307,0.21822967098326163,2.5884734787960335,47.309059503893955,4,0.3796431415308808,0.05324166523757675,7.68277256120458,5.529716820198689,rmse,0.9596842244697198,0.9596842244697198,0.6918079910713452,0.8999223380131406,False,0.01846020000084536,,
completed,heavy_tail_regression,regression,0.1,29,S0_uniform,uniform,none,60,60,60,True,0,0.09999999999999999,0.09999999999999999,1.0,1.0,60.0,4,0.4485469455284483,0.2079550529131243,19.612389599904645,9.077516039118517,rmse,0.900839789317065,0.900839789317065,0.6522382199524257,0.9500730553864163,False,0.017361000001983484,,
completed,heavy_tail_regression,regression,0.1,29,S1_top_leverage,leverage,none,60,60,60,True,60,0.0,1.0,1.0,1.0,60.0,4,0.7540774741387257,0.044535881662162546,8.299386469045812,4.658346362610306,rmse,1.2968807910638247,1.2968807910638247,1.0359725813545095,1.2178151490313638,False,0.008885400002327515,,
completed,heavy_tail_regression,regression,0.1,29,S2_capped_leverage,capped_leverage,none,60,60,60,True,0,0.001037566709563933,0.23765150442696167,1.0,1.0,60.0,4,0.22114548870730952,0.08354214613005595,11.390898270380728,6.983443158149791,rmse,0.906838819679415,0.906838819679415,0.6593880474321293,0.9776084121984783,False,0.01822080000056303,,
completed,heavy_tail_regression,regression,0.1,29,S3_saturated_leverage,saturated_leverage,none,60,60,60,True,0,0.0010144659457218123,0.4115472520857574,1.0,1.0,60.0,4,0.2559256286576283,0.08529548784196896,11.258297133312938,6.945351120652473,rmse,1.179280193858916,1.179280193858916,0.8353041613317171,1.107146525765517,False,0.01794560000053025,,
completed,heavy_tail_regression,regression,0.1,29,S4_robust_mixture,robust_leverage_mixture,none,60,60,60,True,0,0.025760849459291357,0.3336604390643181,1.0,1.0,60.0,4,0.272539108046488,0.1209520123424873,14.182371993129848,8.152769184419224,rmse,0.8943483003155226,0.8943483003155226,0.6518203295385063,0.897921725712308,False,0.017899800001032418,,
completed,heavy_tail_regression,regression,0.1,29,S5_robust_mixture_ipw,robust_leverage_mixture,inverse_probability,60,60,60,True,0,0.025760849459291357,0.3336604390643181,0.35526210776692224,2.560476852260797,47.73472335162997,4,0.272539108046488,0.1209520123424873,14.182371993129848,8.152769184419224,rmse,0.8741224590196999,0.8741224590196999,0.6246646805074733,0.8957942601176392,False,0.0179353000021365,,
completed,heavy_tail_regression,regression,0.1,29,S6_ridge_leverage_ipw,saturated_ridge_leverage,inverse_probability,60,60,60,True,1,0.027445862921815712,1.0,0.11141497202199024,2.5650067294535397,49.575177618484254,4,0.29595268488700793,0.06396792036271963,10.301389654188135,6.058505537743608,rmse,0.9127971970255564,0.9127971970255564,0.6220375689910486,0.9330107217365697,False,0.018022100000962382,,
completed,heavy_tail_regression,regression,0.1,47,S0_uniform,uniform,none,60,60,60,True,0,0.09999999999999999,0.09999999999999999,1.0,1.0,60.0,4,0.31950384416315225,0.08589276724429044,12.621492049814224,7.1519911221900205,rmse,0.8389148495779258,0.8389148495779258,0.5932839822260446,0.904067878000087,False,0.01799580000079004,,
completed,heavy_tail_regression,regression,0.1,47,S1_top_leverage,leverage,none,60,60,60,True,60,0.0,1.0,1.0,1.0,60.0,4,0.7442541686069356,0.018931505991858638,5.70404699048726,3.647656676051616,rmse,1.2514982715162353,1.2514982715162353,0.9923980778842758,1.0498181858475273,False,0.00907309999820427,,
completed,heavy_tail_regression,regression,0.1,47,S2_capped_leverage,capped_leverage,none,60,60,60,True,0,0.004206372499282318,0.2423143947733894,1.0,1.0,60.0,4,0.2544004621173393,0.06976573647610564,10.153315656522281,6.90750599494817,rmse,0.8345988564124563,0.8345988564124563,0.6342796656687004,0.9329861535335366,False,0.018145000001823064,,
completed,heavy_tail_regression,regression,0.1,47,S3_saturated_leverage,saturated_leverage,none,60,60,60,True,0,0.004078715181862842,0.4630535843128921,1.0,1.0,60.0,4,0.24734103834972299,0.054385827434836956,8.484263299506617,5.841098922530594,rmse,0.8760482554951927,0.8760482554951927,0.6587210791303661,0.9329708970536638,False,0.018260799999552546,,
completed,heavy_tail_regression,regression,0.1,47,S4_robust_mixture,robust_leverage_mixture,none,60,60,60,True,0,0.028059036386397132,0.3722901882346691,1.0,1.0,60.0,4,0.25340823924572703,0.06494694152294418,11.005881664152957,6.45475306473802,rmse,0.8784637333961719,0.8784637333961719,0.6402954976765072,0.9682445893526743,False,0.018234699997265125,,
completed,heavy_tail_regression,regression,0.1,47,S5_robust_mixture_ipw,robust_leverage_mixture,inverse_probability,60,60,60,True,0,0.028059036386397132,0.3722901882346691,0.3532008575599853,2.459551928653356,48.795465299151545,4,0.25340823924572703,0.06494694152294418,11.005881664152957,6.45475306473802,rmse,0.837478588946331,0.837478588946331,0.6073217087712349,0.9406776344661081,False,0.018348699999478413,,
completed,heavy_tail_regression,regression,0.1,47,S6_ridge_leverage_ipw,saturated_ridge_leverage,inverse_probability,60,60,60,True,0,0.024168823822667832,0.8598698960262597,0.11802615715068211,2.0541622287940844,49.57457760172116,4,0.21409897598431496,0.050039436977175146,8.582116424079986,5.791853183816508,rmse,0.8121008595052134,0.8121008595052134,0.6052965330455128,0.8298570015188467,False,0.01796680000188644,,
completed,heavy_tail_regression,regression,0.2,11,S0_uniform,uniform,none,120,120,120,True,0,0.19999999999999998,0.19999999999999998,1.0,1.0,120.0,4,0.23262877592930978,0.01733791817329498,3.8090250462586326,3.2577179509143512,rmse,0.9207826898387653,0.9207826898387653,0.6411682308587002,0.9419584467424246,False,0.016090799999801675,,
completed,heavy_tail_regression,regression,0.2,11,S1_top_leverage,leverage,none,120,120,120,True,120,0.0,1.0,1.0,1.0,120.0,4,0.5776678937727223,0.008203200212185765,2.827269565235712,2.1609788952350626,rmse,0.9832757704029332,0.9832757704029332,0.770386112655207,0.8566971215247505,False,0.009033199999976205,,
completed,heavy_tail_regression,regression,0.2,11,S2_capped_leverage,capped_leverage,none,120,120,120,True,0,0.002079166120317088,0.5111925758151031,1.0,1.0,120.0,4,0.19314821545398744,0.027475024848446144,5.779339609920977,3.990157467413985,rmse,0.8339547484142963,0.8339547484142963,0.6176851898203891,0.7716458063894802,False,0.01827229999980773,,
completed,heavy_tail_regression,regression,0.2,11,S3_saturated_leverage,saturated_leverage,none,120,120,120,True,0,0.0020151050437002276,0.9763369332472792,1.0,1.0,120.0,4,0.15965180893650635,0.030627206417782195,6.006014419708342,4.205592865462387,rmse,0.9107610929541566,0.9107610929541566,0.6793193031898178,0.8068432916946275,False,0.018323500000406057,,
completed,heavy_tail_regression,regression,0.2,11,S4_robust_mixture,robust_leverage_mixture,none,120,120,120,True,0,0.051511328782775166,0.7822526999354594,1.0,1.0,120.0,4,0.18209971072354827,0.02886340634622455,5.578528712659915,4.043140306000289,rmse,0.9142707330638589,0.9142707330638589,0.6847294628490584,0.7829568158787727,False,0.017745299999660347,,
completed,heavy_tail_regression,regression,0.2,11,S5_robust_mixture_ipw,robust_leverage_mixture,inverse_probability,120,120,120,True,0,0.051511328782775166,0.7822526999354594,0.28836822542698226,2.797550176653895,95.59090246968067,4,0.18209971072354827,0.02886340634622455,5.578528712659915,4.043140306000289,rmse,0.8693372093227667,0.8693372093227667,0.6414084786265494,0.7670000743100241,False,0.017455100001825485,,
completed,heavy_tail_regression,regression,0.2,11,S6_ridge_leverage_ipw,saturated_ridge_leverage,inverse_probability,120,120,120,True,2,0.04791965092650984,1.0,0.20918654748175122,3.0632387548040603,92.436345654211,4,0.14407551333730967,0.02834172186906037,5.35795839886832,4.20990845420088,rmse,0.7973164619809833,0.7973164619809833,0.5776426370447403,0.820654621107422,False,0.017711299999064067,,
completed,heavy_tail_regression,regression,0.2,29,S0_uniform,uniform,none,120,120,120,True,0,0.19999999999999998,0.19999999999999998,1.0,1.0,120.0,4,0.2566604259389147,0.021404030189834444,5.0567405469613735,3.6144700717897487,rmse,0.9033249325323395,0.9033249325323395,0.6153582864691807,0.8946522185799684,False,0.016437400001450442,,
completed,heavy_tail_regression,regression,0.2,29,S1_top_leverage,leverage,none,120,120,120,True,120,0.0,1.0,1.0,1.0,120.0,4,0.5921976444250231,0.020732382273028198,4.951292432188113,3.3564931661104973,rmse,1.0624569697291069,1.0624569697291069,0.8241822749277903,0.9810662545797829,False,0.008332199999131262,,
completed,heavy_tail_regression,regression,0.2,29,S2_capped_leverage,capped_leverage,none,120,120,120,True,0,0.002075133419127866,0.47530300885392335,1.0,1.0,120.0,4,0.13908255400018393,0.031406370385032495,6.62187292995274,4.252375364023799,rmse,0.8722646615704776,0.8722646615704776,0.6062407457037832,0.8790366530917508,False,0.017450100000132807,,
completed,heavy_tail_regression,regression,0.2,29,S3_saturated_leverage,saturated_leverage,none,120,120,120,True,0,0.0020289318914436245,0.8230945041715148,1.0,1.0,120.0,4,0.16057401724421405,0.03989954658543119,8.086451695877985,4.707834376319388,rmse,0.9439329852767405,0.9439329852767405,0.657211023477389,0.8704351856181123,False,0.01748609999776818,,
completed,heavy_tail_regression,regression,0.2,29,S4_robust_mixture,robust_leverage_mixture,none,120,120,120,True,0,0.051521698918582715,0.6673208781286362,1.0,1.0,120.0,4,0.14230184438802188,0.03346599822237191,6.800282197840869,4.368474618327656,rmse,0.8968532333617233,0.8968532333617233,0.6100406453463258,0.8607207758954607,False,0.017476400000305148,,
completed,heavy_tail_regression,regression,0.2,29,S5_robust_mixture_ipw,robust_leverage_mixture,inverse_probability,120,120,120,True,0,0.051521698918582715,0.6673208781286362,0.30383470139909763,2.7274610975663514,96.61133060957692,4,0.14230184438802188,0.03346599822237191,6.800282197840869,4.368474618327656,rmse,0.8641470224890012,0.8641470224890012,0.5826471785644035,0.8450368061465584,False,0.017291299998760223,,
completed,heavy_tail_regression,regression,0.2,29,S6_ridge_leverage_ipw,saturated_ridge_leverage,inverse_probability,120,120,120,True,3,0.05567653826249533,1.0,0.20814948198373534,2.998757329717709,98.68452120544522,4,0.22200701245786958,0.02250436444542833,4.615646190924126,3.664379117653828,rmse,0.8715366451558259,0.8715366451558259,0.5857327243193022,0.8548352711149232,False,0.01741029999902821,,
completed,heavy_tail_regression,regression,0.2,47,S0_uniform,uniform,none,120,120,120,True,0,0.19999999999999998,0.19999999999999998,1.0,1.0,120.0,4,0.16961637736115784,0.051480472837912225,8.464942837372634,5.915200236771801,rmse,0.7832211734410877,0.7832211734410877,0.5701171155431203,0.8612437740813246,False,0.016081599998869933,,
completed,heavy_tail_regression,regression,0.2,47,S1_top_leverage,leverage,none,120,120,120,True,120,0.0,1.0,1.0,1.0,120.0,4,0.5789494655497354,0.00888270831430278,3.400182858544051,2.375958433020046,rmse,0.9505637735284466,0.9505637735284466,0.748767463143886,0.8287694638068643,False,0.008488700001180405,,
completed,heavy_tail_regression,regression,0.2,47,S2_capped_leverage,capped_leverage,none,120,120,120,True,0,0.008412744998564635,0.4846287895467788,1.0,1.0,120.0,4,0.13203145479429787,0.017951180391574464,4.771706308977978,3.402972474038628,rmse,0.7997633298369187,0.7997633298369187,0.6134101696028571,0.8083095446827308,False,0.017439100000046892,,
completed,heavy_tail_regression,regression,0.2,47,S3_saturated_leverage,saturated_leverage,none,120,120,120,True,0,0.008157430363725683,0.9261071686257842,1.0,1.0,120.0,4,0.19024283078381585,0.0307177953775838,7.097311990704488,4.571762098592659,rmse,0.8478023152781478,0.8478023152781478,0.6615165700142969,0.8463718091094101,False,0.017169899998407345,,
completed,heavy_tail_regression,regression,0.2,47,S4_robust_mixture,robust_leverage_mixture,none,120,120,120,True,0,0.056118072772794264,0.7445803764693382,1.0,1.0,120.0,4,0.2190870219018426,0.02360115490626548,5.52936929374545,3.8977206672895064,rmse,0.8361311527293174,0.8361311527293174,0.6446998131655579,0.889051075483556,False,0.017595099998288788,,
completed,heavy_tail_regression,regression,0.2,47,S5_robust_mixture_ipw,robust_leverage_mixture,inverse_probability,120,120,120,True,0,0.056118072772794264,0.7445803764693382,0.3345989061096163,3.120948367314562,96.46555063375023,4,0.2190870219018426,0.02360115490626548,5.52936929374545,3.8977206672895064,rmse,0.7656572045403155,0.7656572045403155,0.5743718701664987,0.8890131385792441,False,0.01721460000044317,,
completed,heavy_tail_regression,regression,0.2,47,S6_ridge_leverage_ipw,saturated_ridge_leverage,inverse_probability,120,120,120,True,1,0.04863178403295771,1.0,0.19984497412057342,3.645743467493884,93.61138571018935,4,0.20453283584605741,0.038249837458845144,6.291363758017314,4.985655065569361,rmse,0.7577163041817014,0.7577163041817014,0.5637971632169997,0.7622371437030693,False,0.017283699999097735,,
completed,rare_class_classification,classification,0.05,11,S0_uniform,uniform,none,30,30,30,True,0,0.049999999999999996,0.049999999999999996,1.0,1.0,30.0,4,0.35350733313910904,0.14068536981549554,8.08044982603661,5.43387505420996,roc_auc,0.9901569566374036,,,,False,0.019288999999844236,0.9901569566374036,0.08215352111709928
completed,rare_class_classification,classification,0.05,11,S1_top_leverage,leverage,none,30,30,30,True,30,0.0,1.0,1.0,1.0,30.0,4,0.843717764143242,0.03505195528763121,3.618488354693271,2.699790710526758,roc_auc,0.9926177174780526,,,,False,0.011539099999936298,0.9926177174780526,0.08683064161611796
completed,rare_class_classification,classification,0.05,11,S2_capped_leverage,capped_leverage,none,30,30,30,True,0,0.0011150132427665941,0.12507241292602686,1.0,1.0,30.0,4,0.3236054708421629,0.10006356440012523,6.1516823703902475,4.51554493765986,roc_auc,0.9730646448523543,,,,False,0.01998749999984284,0.9730646448523543,0.14630182293747182
completed,rare_class_classification,classification,0.05,11,S3_saturated_leverage,saturated_leverage,none,30,30,30,True,0,0.0010806430843719886,0.23698174592840598,1.0,1.0,30.0,4,0.37176898429963234,0.09518670989187149,5.7741222219792485,4.4668560900706336,roc_auc,0.9854349561053473,,,,False,0.019437300001300173,0.9854349561053473,0.09679263718632974
completed,rare_class_classification,classification,0.05,11,S4_robust_mixture,robust_leverage_mixture,none,30,30,30,True,0,0.013310482313278992,0.19023630944630446,1.0,1.0,30.0,4,0.35145000978498336,0.11430977695962175,7.43448627801147,4.616212506302335,roc_auc,0.9858339984038308,,,,False,0.019581200001994148,0.9858339984038308,0.13606947045704113
completed,rare_class_classification,classification,0.05,11,S5_robust_mixture_ipw,robust_leverage_mixture,inverse_probability,30,30,30,True,0,0.013310482313278992,0.19023630944630446,0.31162704309166533,1.7033809722807687,26.275910639395494,4,0.35145000978498336,0.11430977695962175,7.43448627801147,4.616212506302335,roc_auc,0.9866985900505454,,,,False,0.01982069999939995,0.9866985900505454,0.1542296652816599
completed,rare_class_classification,classification,0.05,11,S6_ridge_leverage_ipw,saturated_ridge_leverage,inverse_probability,30,30,30,True,0,0.02140938989875749,0.0948795380989555,0.6475585797458501,1.9945688373802124,27.933414509865052,4,0.3113252763740369,0.1122002697902837,7.53555689388404,4.986605556369417,roc_auc,0.9818435754189945,,,,False,0.019729899999219924,0.9818435754189945,0.13587284837772362
completed,rare_class_classification,classification,0.05,29,S0_uniform,uniform,none,30,30,30,True,0,0.049999999999999996,0.049999999999999996,1.0,1.0,30.0,4,0.36239804119634594,0.18952141667154082,12.46041687070572,6.075696640196348,roc_auc,0.7762500000000001,,,,False,0.018691900000703754,0.7762500000000001,0.3770162625140065
completed,rare_class_classification,classification,0.05,29,S1_top_leverage,leverage,none,30,30,30,True,30,0.0,1.0,1.0,1.0,30.0,4,0.8564661591220369,0.05518310182008915,5.093754156809168,3.3776011143335785,roc_auc,0.9795833333333333,,,,False,0.011145199998281896,0.9795833333333333,0.20967104732323164
completed,rare_class_classification,classification,0.05,29,S2_capped_leverage,capped_leverage,none,30,30,30,True,0,0.0009252152763623558,0.11839403527051055,1.0,1.0,30.0,4,0.24720532361109693,0.16205907376953815,10.082417823002789,5.468114864449271,roc_auc,0.9570833333333333,,,,False,0.019800099998974474,0.9570833333333333,0.17296449590561774
completed,rare_class_classification,classification,0.05,29,S3_saturated_leverage,saturated_leverage,none,30,30,30,True,0,0.0009033839285857804,0.2218541099833033,1.0,1.0,30.0,4,0.25429684177192785,0.16286933271062579,9.663179617788453,5.686677198151573,roc_auc,0.9561805555555556,,,,False,0.019021500000235392,0.9561805555555556,0.1782509663276587
completed,rare_class_classification,classification,0.05,29,S4_robust_mixture,robust_leverage_mixture,none,30,30,30,True,0,0.013177537946439336,0.1788905824874775,1.0,1.0,30.0,4,0.20286977383566202,0.15921087698063663,9.875952060341158,5.506459246805402,roc_auc,0.892986111111111,,,,False,0.01887960000021849,0.892986111111111,0.30495275325259313
completed,rare_class_classification,classification,0.05,29,S5_robust_mixture_ipw,robust_leverage_mixture,inverse_probability,30,30,30,True,0,0.013177537946439336,0.1788905824874775,0.3522356659706175,2.5860961113826684,25.075754547461017,4,0.20286977383566202,0.15921087698063663,9.875952060341158,5.506459246805402,roc_auc,0.8818055555555555,,,,False,0.019215000000258442,0.8818055555555555,0.3225550674192841
completed,rare_class_classification,classification,0.05,29,S6_ridge_leverage_ipw,saturated_ridge_leverage,inverse_probability,30,30,30,True,0,0.022316131019614494,0.08983073932847374,0.6276769540843798,2.0731641212566365,27.861806060750485,4,0.3970940033670133,0.18340476504741357,10.172911297193071,5.926414685206723,roc_auc,0.8363194444444444,,,,False,0.019013000000995817,0.8363194444444444,0.39559912150512616
completed,rare_class_classification,classification,0.05,47,S0_uniform,uniform,none,30,30,30,True,0,0.049999999999999996,0.049999999999999996,1.0,1.0,30.0,4,0.40242324945978836,0.22198959739640667,14.374838493466324,7.960308723037052,roc_auc,0.9940143655227454,,,,False,0.01864410000052885,0.9940143655227454,0.07869762439074886
completed,rare_class_classification,classification,0.05,47,S1_top_leverage,leverage,none,30,30,30,True,30,0.0,1.0,1.0,1.0,30.0,4,0.8456255697442387,0.04630504116661919,4.779649955556801,3.558776326178927,roc_auc,0.9894918861399308,,,,False,0.011474500002805144,0.9894918861399308,0.08915273583825455
completed,rare_class_classification,classification,0.05,47,S2_capped_leverage,capped_leverage,none,30,30,30,True,0,0.0010175587505969965,0.12020767814777317,1.0,1.0,30.0,4,0.27454496827148434,0.1314713297367593,12.024513883121553,6.216525419715229,roc_auc,0.99780526735834,,,,False,0.01915480000025127,0.99780526735834,0.09370130658650351
completed,rare_class_classification,classification,0.05,47,S3_saturated_leverage,saturated_leverage,none,30,30,30,True,0,0.0009852667485409413,0.22351634855434271,1.0,1.0,30.0,4,0.34331204096881635,0.12534237046377453,10.019212385941097,6.070446926387296,roc_auc,0.9972067039106145,,,,False,0.02006690000052913,0.9972067039106145,0.08049192948811097
completed,rare_class_classification,classification,0.05,47,S4_robust_mixture,robust_leverage_mixture,none,30,30,30,True,0,0.013238950061405705,0.18013726141575703,1.0,1.0,30.0,4,0.2908096337804198,0.10956199525177078,7.891587707973901,5.586455037645986,roc_auc,0.9821096036179835,,,,False,0.01978159999998752,0.9821096036179835,0.10513181552357809
completed,rare_class_classification,classification,0.05,47,S5_robust_mixture_ipw,robust_leverage_mixture,inverse_probability,30,30,30,True,0,0.013238950061405705,0.18013726141575703,0.33373879099111114,2.7180411260033663,23.328195749848422,4,0.2908096337804198,0.10956199525177078,7.891587707973901,5.586455037645986,roc_auc,0.9808459696727854,,,,False,0.020647199999075383,0.9808459696727854,0.10621322339843768
completed,rare_class_classification,classification,0.05,47,S6_ridge_leverage_ipw,saturated_ridge_leverage,inverse_probability,30,30,30,True,0,0.017859554244580765,0.08921944297130566,0.6541383511684029,1.8018339997174084,28.126023372233103,4,0.3118551405711073,0.14457734676145742,7.957019507131529,6.496847886216106,roc_auc,0.9917531258313381,,,,False,0.020382499998959247,0.9917531258313381,0.09125868113518557
completed,rare_class_classification,classification,0.1,11,S0_uniform,uniform,none,60,60,60,True,0,0.09999999999999999,0.09999999999999999,1.0,1.0,60.0,4,0.22255157944983198,0.04842143135536459,4.360399878422388,3.276443508332167,roc_auc,0.9851024208566108,,,,False,0.020511800001258962,0.9851024208566108,0.09211714031105446
completed,rare_class_classification,classification,0.1,11,S1_top_leverage,leverage,none,60,60,60,True,60,0.0,1.0,1.0,1.0,60.0,4,0.7321283742171499,0.01898749939954286,3.29514914439821,2.0486512612558387,roc_auc,0.9918861399308327,,,,False,0.01418779999949038,0.9918861399308327,0.0682597392493356
completed,rare_class_classification,classification,0.1,11,S2_capped_leverage,capped_leverage,none,60,60,60,True,0,0.0022300264855331883,0.2501448258520537,1.0,1.0,60.0,4,0.22282238038567356,0.05937658548272877,5.59023385340509,3.5487328641773934,roc_auc,0.9864990689013036,,,,False,0.022480600000562845,0.9864990689013036,0.10043545263003058
completed,rare_class_classification,classification,0.1,11,S3_saturated_leverage,saturated_leverage,none,60,60,60,True,0,0.0021612861687439772,0.47396349185681197,1.0,1.0,60.0,4,0.20779553164702902,0.0606741021137261,5.354977661923495,3.7321840406710303,roc_auc,0.9930832668262837,,,,False,0.022903500001120847,0.9930832668262837,0.06957593215777548
completed,rare_class_classification,classification,0.1,11,S4_robust_mixture,robust_leverage_mixture,none,60,60,60,True,0,0.026620964626557983,0.3804726188926089,1.0,1.0,60.0,4,0.2253877285541119,0.04072704731375162,3.9186815387155507,2.906955562553696,roc_auc,0.9916866187815908,,,,False,0.021433300000353483,0.9916866187815908,0.09535977550052882
completed,rare_class_classification,classification,0.1,11,S5_robust_mixture_ipw,robust_leverage_mixture,inverse_probability,60,60,60,True,0,0.026620964626557983,0.3804726188926089,0.30052916421557474,3.1526178922382315,46.271009537661655,4,0.2253877285541119,0.04072704731375162,3.9186815387155507,2.906955562553696,roc_auc,0.9916201117318435,,,,False,0.02147319999858155,0.9916201117318435,0.10770239299567497
completed,rare_class_classification,classification,0.1,11,S6_ridge_leverage_ipw,saturated_ridge_leverage,inverse_probability,60,60,60,True,0,0.04281877979751498,0.189759076197911,0.6277716333966994,1.9336223410950117,56.207849234121035,4,0.17584679566447634,0.03878855716260959,3.867980433083503,2.9823807836130434,roc_auc,0.9922851822293164,,,,False,0.021810800000821473,0.9922851822293164,0.07159705110994864
completed,rare_class_classification,classification,0.1,29,S0_uniform,uniform,none,60,60,60,True,0,0.09999999999999999,0.09999999999999999,1.0,1.0,60.0,4,0.1802981487733664,0.047609220468616556,4.532065165918149,3.1306833225602215,roc_auc,0.9868055555555556,,,,False,0.021016799997596536,0.9868055555555556,0.09286522233259684
completed,rare_class_classification,classification,0.1,29,S1_top_leverage,leverage,none,60,60,60,True,60,0.0,1.0,1.0,1.0,60.0,4,0.7554603870188883,0.021035312142637135,2.7952666521675673,2.1903689073022043,roc_auc,0.9893055555555557,,,,False,0.013046399999439018,0.9893055555555557,0.08932324463872014
completed,rare_class_classification,classification,0.1,29,S2_capped_leverage,capped_leverage,none,60,60,60,True,0,0.0018504305527247116,0.2367880705410211,1.0,1.0,60.0,4,0.16970552964648547,0.09531054422840801,7.171791259412949,4.544069291556342,roc_auc,0.9847222222222222,,,,False,0.021911599997110898,0.9847222222222222,0.09684076789867464
completed,rare_class_classification,classification,0.1,29,S3_saturated_leverage,saturated_leverage,none,60,60,60,True,0,0.0018067678571715609,0.4437082199666066,1.0,1.0,60.0,4,0.16885144267438454,0.07757127904654597,7.904911302940856,4.00497227117747,roc_auc,0.9604861111111112,,,,False,0.02174649999869871,0.9604861111111112,0.15737169408833732
completed,rare_class_classification,classification,0.1,29,S4_robust_mixture,robust_leverage_mixture,none,60,60,60,True,0,0.026355075892878672,0.357781164974955,1.0,1.0,60.0,4,0.18046206449051141,0.09488909472677044,7.785779399550088,4.454499658105301,roc_auc,0.9818749999999999,,,,False,0.02320950000284938,0.9818749999999999,0.10410906991011629
completed,rare_class_classification,classification,0.1,29,S5_robust_mixture_ipw,robust_leverage_mixture,inverse_probability,60,60,60,True,0,0.026355075892878672,0.357781164974955,0.3140518990074255,2.3057528616741334,50.09396254573403,4,0.18046206449051141,0.09488909472677044,7.785779399550088,4.454499658105301,roc_auc,0.9785416666666666,,,,False,0.022013500001776265,0.9785416666666666,0.11307530212276219
completed,rare_class_classification,classification,0.1,29,S6_ridge_leverage_ipw,saturated_ridge_leverage,inverse_probability,60,60,60,True,0,0.04463226203922899,0.17966147865694748,0.6266834324861967,2.06988260308452,55.848777588425314,4,0.2087470761636984,0.07583627155142894,6.632382510131166,3.8773103695550732,roc_auc,0.9717361111111111,,,,False,0.02183589999913238,0.9717361111111111,0.12292150357802713
completed,rare_class_classification,classification,0.1,47,S0_uniform,uniform,none,60,60,60,True,0,0.09999999999999999,0.09999999999999999,1.0,1.0,60.0,4,0.28585991675940337,0.05711741090559568,6.56060226506328,4.0553878210025145,roc_auc,0.9920191540303273,,,,False,0.021232400002190843,0.9920191540303273,0.08418678187389048
completed,rare_class_classification,classification,0.1,47,S1_top_leverage,leverage,none,60,60,60,True,60,0.0,1.0,1.0,1.0,60.0,4,0.7445865971433744,0.015885221233163202,2.6500181562112886,2.118542491712847,roc_auc,0.982974195264698,,,,False,0.012243899996974505,0.982974195264698,0.10203581565505351
completed,rare_class_classification,classification,0.1,47,S2_capped_leverage,capped_leverage,none,60,60,60,True,0,0.002035117501193993,0.24041535629554633,1.0,1.0,60.0,4,0.1361554945312117,0.061120430979191794,6.2229818753448765,4.275395596806512,roc_auc,0.9910880553338653,,,,False,0.02128679999805172,0.9910880553338653,0.07916129124125544
completed,rare_class_classification,classification,0.1,47,S3_saturated_leverage,saturated_leverage,none,60,60,60,True,0,0.0019705334970818826,0.44703269710868543,1.0,1.0,60.0,4,0.15451899578645853,0.06212554375703682,5.892641098946355,4.328357980773302,roc_auc,0.9794493216280925,,,,False,0.02138550000017858,0.9794493216280925,0.10713966429840047
completed,rare_class_classification,classification,0.1,47,S4_robust_mixture,robust_leverage_mixture,none,60,60,60,True,0,0.02647790012281141,0.36027452283151407,1.0,1.0,60.0,4,0.191444984297449,0.03668191514979707,4.778440431940284,3.280239423091795,roc_auc,0.9943469007714818,,,,False,0.02126670000143349,0.9943469007714818,0.07641724945008485
completed,rare_class_classification,classification,0.1,47,S5_robust_mixture_ipw,robust_leverage_mixture,inverse_probability,60,60,60,True,0,0.02647790012281141,0.36027452283151407,0.32178278323079906,2.6206688046773476,46.010818928816356,4,0.191444984297449,0.03668191514979707,4.778440431940284,3.280239423091795,roc_auc,0.9961425911146582,,,,False,0.021519599999010097,0.9961425911146582,0.08017722011184446
completed,rare_class_classification,classification,0.1,47,S6_ridge_leverage_ipw,saturated_ridge_leverage,inverse_probability,60,60,60,True,0,0.03571910848916153,0.1784388859426113,0.6606993719531645,1.8199064308808162,56.90582064442177,4,0.3540524138715917,0.07219660424149596,5.690583923621355,4.5685696384938135,roc_auc,0.9889598297419526,,,,False,0.022770600000512786,0.9889598297419526,0.08899889934591013
completed,rare_class_classification,classification,0.2,11,S0_uniform,uniform,none,120,120,120,True,0,0.19999999999999998,0.19999999999999998,1.0,1.0,120.0,4,0.25000415319367714,0.020349852119864516,3.0583660944497426,2.1081815454205124,roc_auc,0.9914205905826017,,,,False,0.020590299998730188,0.9914205905826017,0.06933815027497475
completed,rare_class_classification,classification,0.2,11,S1_top_leverage,leverage,none,120,120,120,True,120,0.0,1.0,1.0,1.0,120.0,4,0.5699603728835235,0.00810250758548134,2.0493879311607923,1.357914449263272,roc_auc,0.9922851822293163,,,,False,0.013472200000251178,0.9922851822293163,0.05959502712848013
completed,rare_class_classification,classification,0.2,11,S2_capped_leverage,capped_leverage,none,120,120,120,True,0,0.0044600529710663766,0.5002896517041074,1.0,1.0,120.0,4,0.14378156023534802,0.02101098111325676,3.054068616888319,2.163116351726746,roc_auc,0.9921521681298218,,,,False,0.023005300001386786,0.9921521681298218,0.061289021192198916
completed,rare_class_classification,classification,0.2,11,S3_saturated_leverage,saturated_leverage,none,120,120,120,True,0,0.0043225723374879545,0.9479269837136239,1.0,1.0,120.0,4,0.15136209665196254,0.017487197212261527,2.3357042133524772,1.9018168907916602,roc_auc,0.99341580207502,,,,False,0.02159169999868027,0.99341580207502,0.06083347806473885
completed,rare_class_classification,classification,0.2,11,S4_robust_mixture,robust_leverage_mixture,none,120,120,120,True,0,0.053241929253115966,0.7609452377852178,1.0,1.0,120.0,4,0.1356121420118893,0.02047493036637883,2.8058102688086,2.0583512848395875,roc_auc,0.9930167597765363,,,,False,0.02124039999762317,0.9930167597765363,0.06324261333053473
completed,rare_class_classification,classification,0.2,11,S5_robust_mixture_ipw,robust_leverage_mixture,inverse_probability,120,120,120,True,0,0.053241929253115966,0.7609452377852178,0.29222967023032304,3.0673595179068722,94.7724911798307,4,0.1356121420118893,0.02047493036637883,2.8058102688086,2.0583512848395875,roc_auc,0.9926842245278,,,,False,0.021164500001759734,0.9926842245278,0.06468489826030321
completed,rare_class_classification,classification,0.2,11,S6_ridge_leverage_ipw,saturated_ridge_leverage,inverse_probability,120,120,120,True,0,0.08563755959502996,0.379518152395822,0.6089849921719825,2.281367233513528,112.24688940107721,4,0.13661858313566588,0.021585545717364672,3.4979153539994,2.188863639134935,roc_auc,0.9936153232242617,,,,False,0.020535700001346413,0.9936153232242617,0.0627715491511654
completed,rare_class_classification,classification,0.2,29,S0_uniform,uniform,none,120,120,120,True,0,0.19999999999999998,0.19999999999999998,1.0,1.0,120.0,4,0.2644754685000122,0.018333351156651134,2.914779363685659,2.019173934095756,roc_auc,0.9863888888888889,,,,False,0.019259900000179186,0.9863888888888889,0.08861218595527158
completed,rare_class_classification,classification,0.2,29,S1_top_leverage,leverage,none,120,120,120,True,120,0.0,1.0,1.0,1.0,120.0,4,0.5945744104152018,0.010189486937043543,2.5320051559855927,1.4219624629058072,roc_auc,0.9891666666666666,,,,False,0.011837499998364365,0.9891666666666666,0.08518613547480952
completed,rare_class_classification,classification,0.2,29,S2_capped_leverage,capped_leverage,none,120,120,120,True,0,0.0037008611054494232,0.4735761410820422,1.0,1.0,120.0,4,0.15477268177648934,0.030440979933160753,3.79537700395148,2.515199216436131,roc_auc,0.9878472222222222,,,,False,0.020137800001975847,0.9878472222222222,0.08802345197653365
completed,rare_class_classification,classification,0.2,29,S3_saturated_leverage,saturated_leverage,none,120,120,120,True,0,0.0036135357143431217,0.8874164399332132,1.0,1.0,120.0,4,0.08952309024184012,0.028351357370549744,4.049990784583748,2.5414003955508044,roc_auc,0.9813888888888889,,,,False,0.020319499999459367,0.9813888888888889,0.10013848663897588
completed,rare_class_classification,classification,0.2,29,S4_robust_mixture,robust_leverage_mixture,none,120,120,120,True,0,0.052710151785757345,0.71556232994991,1.0,1.0,120.0,4,0.10225808787530964,0.022816162787447518,3.3660578042695986,2.3211267178332116,roc_auc,0.9831944444444444,,,,False,0.020143599998846184,0.9831944444444444,0.09532008790158955
completed,rare_class_classification,classification,0.2,29,S5_robust_mixture_ipw,robust_leverage_mixture,inverse_probability,120,120,120,True,0,0.052710151785757345,0.71556232994991,0.2829963527472062,2.4908193448289166,99.09077810067461,4,0.10225808787530964,0.022816162787447518,3.3660578042695986,2.3211267178332116,roc_auc,0.9827777777777778,,,,False,0.020168399998510722,0.9827777777777778,0.09883520823341284
completed,rare_class_classification,classification,0.2,29,S6_ridge_leverage_ipw,saturated_ridge_leverage,inverse_probability,120,120,120,True,0,0.08926452407845797,0.35932295731389496,0.5724454413101967,2.0963385772791683,111.74595451936429,4,0.1975327339929493,0.026848677372285964,3.7549572256041794,2.3411710277784397,roc_auc,0.98625,,,,False,0.01999720000094385,0.98625,0.08780645048806625
completed,rare_class_classification,classification,0.2,47,S0_uniform,uniform,none,120,120,120,True,0,0.19999999999999998,0.19999999999999998,1.0,1.0,120.0,4,0.1296783792311265,0.029911282537788256,5.159624024503039,2.971797349545459,roc_auc,0.9896914072891727,,,,False,0.018413800000416813,0.9896914072891727,0.08533141805642427
completed,rare_class_classification,classification,0.2,47,S1_top_leverage,leverage,none,120,120,120,True,120,0.0,1.0,1.0,1.0,120.0,4,0.5779692881028197,0.006994339766514453,1.8870232108961393,1.4258285442750394,roc_auc,0.9930167597765363,,,,False,0.011595200001465855,0.9930167597765363,0.07303121544893865
completed,rare_class_classification,classification,0.2,47,S2_capped_leverage,capped_leverage,none,120,120,120,True,0,0.004070235002387986,0.48083071259109267,1.0,1.0,120.0,4,0.1570679063502728,0.02010143010371811,3.5978757790175386,2.4371016784799924,roc_auc,0.9962756052141526,,,,False,0.02090669999961392,0.9962756052141526,0.05564394348576365
completed,rare_class_classification,classification,0.2,47,S3_saturated_leverage,saturated_leverage,none,120,120,120,True,0,0.003941066994163765,0.8940653942173709,1.0,1.0,120.0,4,0.125736371613669,0.025788315253134124,4.115057040783382,2.658675115452353,roc_auc,0.9933492950252727,,,,False,0.021128899999894202,0.9933492950252727,0.06508621375038262
completed,rare_class_classification,classification,0.2,47,S4_robust_mixture,robust_leverage_mixture,none,120,120,120,True,0,0.05295580024562282,0.7205490456630281,1.0,1.0,120.0,4,0.12685806670841104,0.019355430060111454,3.091795951041628,2.4225408250968874,roc_auc,0.9947459430699654,,,,False,0.020505899999989197,0.9947459430699654,0.060650787585551064
completed,rare_class_classification,classification,0.2,47,S5_robust_mixture_ipw,robust_leverage_mixture,inverse_probability,120,120,120,True,0,0.05295580024562282,0.7205490456630281,0.3192254110296393,2.722571142339558,96.07553721025613,4,0.12685806670841104,0.019355430060111454,3.091795951041628,2.4225408250968874,roc_auc,0.9957435488161746,,,,False,0.020430799999303417,0.9957435488161746,0.05820004288180941
completed,rare_class_classification,classification,0.2,47,S6_ridge_leverage_ipw,saturated_ridge_leverage,inverse_probability,120,120,120,True,0,0.07143821697832306,0.3568777718852226,0.5708211433663228,1.835604364438942,114.00161562272243,4,0.14915535254767207,0.025448063159306335,4.674494865330926,2.7667033560397973,roc_auc,0.9956770417664272,,,,False,0.020656100001360755,0.9956770417664272,0.0708260180745675
