scenario,row_arm,seed,budget_multiplier,kernel_weight,leverage,leverage_gain,leverage_relative_gain
diabetes_hist_gradient_boosting,D0_full_rows,11,2.0,0.25721049807187746,0.16610426347287832,0.09110623459899914,0.3542088494908147
diabetes_hist_gradient_boosting,D0_full_rows,11,4.0,0.05293354486438041,0.06522438900552244,-0.01229084414114203,-0.23219386067251055
diabetes_hist_gradient_boosting,D0_full_rows,11,8.0,0.03566069938019215,0.03190425385646792,0.0037564455237242347,0.10533852641742535
diabetes_hist_gradient_boosting,D0_full_rows,11,16.0,0.010614185464004573,0.010746290978952458,-0.0001321055149478851,-0.012446128381295843
diabetes_hist_gradient_boosting,D0_full_rows,29,2.0,0.291846526069279,0.10573788874876434,0.1861086373205147,0.6376935159280803
diabetes_hist_gradient_boosting,D0_full_rows,29,4.0,0.08065500332790371,0.05702407832823373,0.023630924999669976,0.29298771340443963
diabetes_hist_gradient_boosting,D0_full_rows,29,8.0,0.04225115776345766,0.045049112778808256,-0.0027979550153505936,-0.06622197268569287
diabetes_hist_gradient_boosting,D0_full_rows,29,16.0,0.01801308926801562,0.025519077754823153,-0.007505988486807533,-0.41669634648040677
diabetes_hist_gradient_boosting,D0_full_rows,47,2.0,0.6824139403219497,0.4427159163097469,0.2396980240122028,0.3512501867988188
diabetes_hist_gradient_boosting,D0_full_rows,47,4.0,0.11330958632223617,0.18622560074664135,-0.07291601442440518,-0.6435114343904011
diabetes_hist_gradient_boosting,D0_full_rows,47,8.0,0.09144355877284059,0.10782969904050542,-0.016386140267664828,-0.17919403496063008
diabetes_hist_gradient_boosting,D0_full_rows,47,16.0,0.03007014682297745,0.0493540383855033,-0.01928389156252585,-0.6412968874428802
diabetes_hist_gradient_boosting,D0_full_rows,71,2.0,0.1509459016440128,0.33545615512795285,-0.18451025348394004,-1.2223601401188393
diabetes_hist_gradient_boosting,D0_full_rows,71,4.0,0.04597229553055892,0.11578909276210259,-0.06981679723154366,-1.5186711132389443
diabetes_hist_gradient_boosting,D0_full_rows,71,8.0,0.060178720828752086,0.07703096206374556,-0.016852241234993473,-0.28003654785134346
diabetes_hist_gradient_boosting,D0_full_rows,71,16.0,0.040411355390251945,0.0312914563052786,0.009119899084973342,0.22567664451990269
diabetes_hist_gradient_boosting,D0_full_rows,101,2.0,0.1850556568023859,0.1399736677054088,0.04508198909697708,0.24361313712835309
diabetes_hist_gradient_boosting,D0_full_rows,101,4.0,0.06244839549340708,0.33034298106963145,-0.26789458557622436,-4.289855383146025
diabetes_hist_gradient_boosting,D0_full_rows,101,8.0,0.039173046426735934,0.041370384571627714,-0.002197338144891779,-0.056093113641324494
diabetes_hist_gradient_boosting,D0_full_rows,101,16.0,0.027909320911590874,0.024712959206815956,0.0031963617047749172,0.1145266742569667
diabetes_hist_gradient_boosting,D0_full_rows,127,2.0,0.18317169832954297,0.09054796990715747,0.0926237284223855,0.5056661551270152
diabetes_hist_gradient_boosting,D0_full_rows,127,4.0,0.0450680887485832,0.06460412455433387,-0.019536035805750668,-0.43347824032952403
diabetes_hist_gradient_boosting,D0_full_rows,127,8.0,0.043643665222538076,0.05264552630857053,-0.009001861086032452,-0.20625813712327237
diabetes_hist_gradient_boosting,D0_full_rows,127,16.0,0.021984622491113406,0.0310549030597959,-0.009070280568682493,-0.4125738603129924
diabetes_hist_gradient_boosting,D0_full_rows,151,2.0,0.13465968069816298,0.13937244254238498,-0.004712761844222008,-0.034997571803141066
diabetes_hist_gradient_boosting,D0_full_rows,151,4.0,0.10556515753458794,0.13250014265127416,-0.026934985116686225,-0.25515033317561336
diabetes_hist_gradient_boosting,D0_full_rows,151,8.0,0.08040742627059683,0.09343745300070516,-0.013030026730108335,-0.16205004107777443
diabetes_hist_gradient_boosting,D0_full_rows,151,16.0,0.049609546844760044,0.03062472530802536,0.018984821536734683,0.3826848408057961
diabetes_hist_gradient_boosting,D0_full_rows,181,2.0,0.3451258426597353,0.11588101052915997,0.2292448321305753,0.6642354868701942
diabetes_hist_gradient_boosting,D0_full_rows,181,4.0,0.11050989205389943,0.09534053619889173,0.015169355855007699,0.13726695025282523
diabetes_hist_gradient_boosting,D0_full_rows,181,8.0,0.03763516149058865,0.07980325121294145,-0.042168089722352795,-1.1204439692094235
diabetes_hist_gradient_boosting,D0_full_rows,181,16.0,0.022002746127963293,0.043068580802383245,-0.021065834674419952,-0.9574184309497341
diabetes_hist_gradient_boosting,D0_full_rows,211,2.0,0.2608758921235608,0.37215649696278313,-0.11128060483922231,-0.4265653063354568
diabetes_hist_gradient_boosting,D0_full_rows,211,4.0,0.1463244833866832,0.08752997238960829,0.0587945109970749,0.40180911380156437
diabetes_hist_gradient_boosting,D0_full_rows,211,8.0,0.05652137623283295,0.051724247793885014,0.004797128438947938,0.08487281730697338
diabetes_hist_gradient_boosting,D0_full_rows,211,16.0,0.048209693913007966,0.02436138138722569,0.023848312525782275,0.4946787791022981
diabetes_hist_gradient_boosting,D0_full_rows,241,2.0,0.12327987078286036,0.3633531064443362,-0.24007323566147587,-1.9473839008505298
diabetes_hist_gradient_boosting,D0_full_rows,241,4.0,0.03062871166833015,0.038460642274640244,-0.007831930606310093,-0.2557055187668324
diabetes_hist_gradient_boosting,D0_full_rows,241,8.0,0.009523401335200356,0.019272463257782427,-0.009749061922582071,-1.023695377254304
diabetes_hist_gradient_boosting,D0_full_rows,241,16.0,0.015610510920540936,0.010743611452975177,0.00486689946756576,0.3117706712060076
diabetes_hist_gradient_boosting,D0_full_rows,271,2.0,0.3866494795272546,0.04709892244761932,0.3395505570796353,0.8781870274202727
diabetes_hist_gradient_boosting,D0_full_rows,271,4.0,0.036048102113649116,0.029410453951241797,0.00663764816240732,0.18413308255399294
diabetes_hist_gradient_boosting,D0_full_rows,271,8.0,0.015868757215009667,0.018727104708696065,-0.002858347493686398,-0.18012421861132222
diabetes_hist_gradient_boosting,D0_full_rows,271,16.0,0.01657604773440547,0.012316983831849754,0.004259063902555716,0.2569408565176574
diabetes_hist_gradient_boosting,D0_full_rows,307,2.0,0.15524664103112393,0.121498255058322,0.03374838597280193,0.2173856113642809
diabetes_hist_gradient_boosting,D0_full_rows,307,4.0,0.06074326944153303,0.08372550200002381,-0.02298223255849078,-0.37835027270983124
diabetes_hist_gradient_boosting,D0_full_rows,307,8.0,0.036672723395410715,0.04023891283196736,-0.0035661894365566424,-0.09724364885872973
diabetes_hist_gradient_boosting,D0_full_rows,307,16.0,0.01701691700536021,0.014157055094516893,0.002859861910843319,0.16805993176922016
diabetes_hist_gradient_boosting,D0_full_rows,337,2.0,0.507570495171771,0.2843844021872195,0.2231860929845515,0.4397144733738341
diabetes_hist_gradient_boosting,D0_full_rows,337,4.0,0.1324524215313182,0.11246226244682611,0.019990159084492087,0.15092331913135648
diabetes_hist_gradient_boosting,D0_full_rows,337,8.0,0.0463285083586758,0.056465180703737204,-0.010136672345061402,-0.21879988594891028
diabetes_hist_gradient_boosting,D0_full_rows,337,16.0,0.036492834168792745,0.03282073298276633,0.0036721011860264136,0.10062526711522592
diabetes_hist_gradient_boosting,D0_full_rows,367,2.0,0.5302599780626036,0.13768058454406643,0.3925793935185372,0.7403526755930059
diabetes_hist_gradient_boosting,D0_full_rows,367,4.0,0.03494963982858139,0.03649757495843934,-0.001547935129857951,-0.04429044583721486
diabetes_hist_gradient_boosting,D0_full_rows,367,8.0,0.028029657888267355,0.021239036281040603,0.006790621607226752,0.24226559005092843
diabetes_hist_gradient_boosting,D0_full_rows,367,16.0,0.012218625856063798,0.018494250161058438,-0.006275624304994639,-0.5136112995783567
diabetes_hist_gradient_boosting,D0_full_rows,397,2.0,0.18885081974693477,0.6706090831812399,-0.48175826343430517,-2.55099905883318
diabetes_hist_gradient_boosting,D0_full_rows,397,4.0,0.0615037255159557,0.08834179986770765,-0.026838074351751957,-0.43636501897416685
diabetes_hist_gradient_boosting,D0_full_rows,397,8.0,0.025452560902447463,0.019488193834102992,0.005964367068344471,0.234332690184073
diabetes_hist_gradient_boosting,D0_full_rows,397,16.0,0.0174371302317028,0.01948817147420021,-0.0020510412424974075,-0.11762493112360702
diabetes_hist_gradient_boosting,D0_full_rows,431,2.0,0.38187368082407463,0.08118888236647431,0.3006847984576003,0.787393354285976
diabetes_hist_gradient_boosting,D0_full_rows,431,4.0,0.04811744599537031,0.09117482796103525,-0.04305738196566494,-0.8948393056815146
diabetes_hist_gradient_boosting,D0_full_rows,431,8.0,0.031194883946492048,0.035061885364317556,-0.0038670014178255087,-0.12396268004902657
diabetes_hist_gradient_boosting,D0_full_rows,431,16.0,0.015640412712057426,0.022982083984357173,-0.007341671272299746,-0.4694039350150871
diabetes_hist_gradient_boosting,D0_full_rows,461,2.0,0.15750796487390747,0.2192538935478521,-0.06174592867394463,-0.3920178177870252
diabetes_hist_gradient_boosting,D0_full_rows,461,4.0,0.08416583491387981,0.06836176513931294,0.015804069774566873,0.18777298164674439
diabetes_hist_gradient_boosting,D0_full_rows,461,8.0,0.03401489254742167,0.031102894405995465,0.002911998141426203,0.08560950581767846
diabetes_hist_gradient_boosting,D0_full_rows,461,16.0,0.013875562481793205,0.022624468184492,-0.008748905702698795,-0.6305262013110211
diabetes_hist_gradient_boosting,D0_full_rows,491,2.0,0.3429791160181645,0.15390092157309876,0.18907819444506574,0.5512819457936091
diabetes_hist_gradient_boosting,D0_full_rows,491,4.0,0.10478710575527055,0.07346770635747839,0.03131939939779216,0.298886004838595
diabetes_hist_gradient_boosting,D0_full_rows,491,8.0,0.0536619069407635,0.048992465888608484,0.004669441052155013,0.08701593585389227
diabetes_hist_gradient_boosting,D0_full_rows,491,16.0,0.03567174248415607,0.02690088876745259,0.00877085371670348,0.24587679507383567
diabetes_hist_gradient_boosting,D0_full_rows,521,2.0,0.22908548036079293,0.333287200120644,-0.10420171975985107,-0.45485955546262014
diabetes_hist_gradient_boosting,D0_full_rows,521,4.0,0.05247988665246373,0.0869540402508271,-0.03447415359836337,-0.656902211444562
diabetes_hist_gradient_boosting,D0_full_rows,521,8.0,0.048525095288767306,0.040804792564549705,0.007720302724217601,0.15909917699851922
diabetes_hist_gradient_boosting,D0_full_rows,521,16.0,0.023285465669481083,0.020133039294055757,0.003152426375425326,0.13538171923085177
diabetes_hist_gradient_boosting,D0_full_rows,557,2.0,0.14128762430744726,0.2133986249911985,-0.07211100068375123,-0.5103844093721538
diabetes_hist_gradient_boosting,D0_full_rows,557,4.0,0.18189085230164073,0.1612554194294585,0.020635432872182224,0.11344953641737421
diabetes_hist_gradient_boosting,D0_full_rows,557,8.0,0.057313849350399425,0.05602789690290748,0.0012859524474919462,0.022437028084259784
diabetes_hist_gradient_boosting,D0_full_rows,557,16.0,0.026291914127432717,0.03184276554585322,-0.005550851418420502,-0.21112389883507188
diabetes_hist_gradient_boosting,D1_uniform_rows,11,2.0,0.3195876529668239,0.018399238768993825,0.30118841419783005,0.9424281927096105
diabetes_hist_gradient_boosting,D1_uniform_rows,11,4.0,1.125314102935204e-15,1.5476428561085049e-15,-4.223287531733008e-16,-0.0004223287531733008
diabetes_hist_gradient_boosting,D1_uniform_rows,11,8.0,9.088753679278258e-16,1.3253465960914933e-15,-4.164712281636675e-16,-0.0004164712281636675
diabetes_hist_gradient_boosting,D1_uniform_rows,11,16.0,5.492234174997141e-16,6.720444780715281e-16,-1.22821060571814e-16,-0.000122821060571814
diabetes_hist_gradient_boosting,D1_uniform_rows,29,2.0,7.943670827926514e-15,0.44825652385938164,-0.4482565238593737,-448256523859.3737
diabetes_hist_gradient_boosting,D1_uniform_rows,29,4.0,8.204854736261526e-16,2.5198355530229654e-15,-1.6993500793968128e-15,-0.0016993500793968128
diabetes_hist_gradient_boosting,D1_uniform_rows,29,8.0,7.598204563762165e-16,4.954157713072415e-16,2.64404685068975e-16,0.000264404685068975
diabetes_hist_gradient_boosting,D1_uniform_rows,29,16.0,1.28954746538465e-15,4.615450543700325e-16,8.280024110146175e-16,0.0008280024110146175
diabetes_hist_gradient_boosting,D1_uniform_rows,47,2.0,3.8493278872376436e-15,0.19222746145355857,-0.1922274614535547,-192227461453.55472
diabetes_hist_gradient_boosting,D1_uniform_rows,47,4.0,1.3400401721564208e-15,6.438274706814989e-16,6.962127014749219e-16,0.000696212701474922
diabetes_hist_gradient_boosting,D1_uniform_rows,47,8.0,4.175971718539361e-16,1.795842788821062e-15,-1.3782456169671257e-15,-0.0013782456169671258
diabetes_hist_gradient_boosting,D1_uniform_rows,47,16.0,3.371026802074059e-15,7.235146904079877e-16,2.6475121116660714e-15,0.0026475121116660717
diabetes_hist_gradient_boosting,D1_uniform_rows,71,2.0,3.751341520147834e-15,0.12978425675586083,-0.12978425675585709,-129784256755.85709
diabetes_hist_gradient_boosting,D1_uniform_rows,71,4.0,1.462621694423243e-15,7.082392392034432e-16,7.543824552197999e-16,0.0007543824552198
diabetes_hist_gradient_boosting,D1_uniform_rows,71,8.0,1.8796126709807897e-15,7.567558827396538e-16,1.1228567882411359e-15,0.001122856788241136
diabetes_hist_gradient_boosting,D1_uniform_rows,71,16.0,1.3111220564066892e-15,1.0476744330222742e-15,2.6344762338441504e-16,0.00026344762338441504
diabetes_hist_gradient_boosting,D1_uniform_rows,101,2.0,0.12502283382751267,0.10191294682562976,0.023109887001882906,0.18484533020397204
diabetes_hist_gradient_boosting,D1_uniform_rows,101,4.0,6.190641490680557e-16,0.46882364780022023,-0.4688236478002196,-468823647800.2196
diabetes_hist_gradient_boosting,D1_uniform_rows,101,8.0,6.558362716389034e-16,4.2848817585422316e-15,-3.629045486903328e-15,-0.0036290454869033284
diabetes_hist_gradient_boosting,D1_uniform_rows,101,16.0,2.3011693809377915e-15,1.352165295701159e-15,9.490040852366325e-16,0.0009490040852366326
diabetes_hist_gradient_boosting,D1_uniform_rows,127,2.0,3.5813106075773645e-15,1.7680199536936275e-15,1.813290653883737e-15,0.0018132906538837373
diabetes_hist_gradient_boosting,D1_uniform_rows,127,4.0,1.4661934244601665e-15,1.3758564689712973e-15,9.033695548886929e-17,9.03369554888693e-05
diabetes_hist_gradient_boosting,D1_uniform_rows,127,8.0,7.65530893612636e-16,1.0265689309573963e-15,-2.610380373447603e-16,-0.0002610380373447603
diabetes_hist_gradient_boosting,D1_uniform_rows,127,16.0,7.665589698101138e-16,5.810031981327232e-16,1.8555577167739061e-16,0.00018555577167739062
diabetes_hist_gradient_boosting,D1_uniform_rows,151,2.0,0.006648010566906268,0.2463392861410934,-0.23969127557418712,-36.05458703200142
diabetes_hist_gradient_boosting,D1_uniform_rows,151,4.0,0.00393114890617838,0.005286646033993603,-0.0013554971278152226,-0.344809408182137
diabetes_hist_gradient_boosting,D1_uniform_rows,151,8.0,0.0017223404040505317,0.0024811650085255735,-0.0007588246044750418,-0.44057760166948895
diabetes_hist_gradient_boosting,D1_uniform_rows,151,16.0,0.001024351388993018,0.0007748048860500842,0.00024954650294293384,0.24361415977406825
diabetes_hist_gradient_boosting,D1_uniform_rows,181,2.0,5.4181390092938404e-15,1.244265843382933e-14,-7.024519424535489e-15,-0.007024519424535489
diabetes_hist_gradient_boosting,D1_uniform_rows,181,4.0,1.051178724967812e-15,1.4751828797067969e-15,-4.240041547389849e-16,-0.0004240041547389849
diabetes_hist_gradient_boosting,D1_uniform_rows,181,8.0,1.2029881895792409e-15,5.082329473548291e-16,6.947552422244118e-16,0.0006947552422244118
diabetes_hist_gradient_boosting,D1_uniform_rows,181,16.0,1.010170785841283e-15,1.6278582710282854e-15,-6.176874851870025e-16,-0.0006176874851870025
diabetes_hist_gradient_boosting,D1_uniform_rows,211,2.0,0.1812589209041447,5.443718701713376e-15,0.18125892090413925,0.99999999999997
diabetes_hist_gradient_boosting,D1_uniform_rows,211,4.0,1.107305707017208e-15,2.2013370864763565e-15,-1.0940313794591484e-15,-0.0010940313794591484
diabetes_hist_gradient_boosting,D1_uniform_rows,211,8.0,9.76524539259573e-16,1.3176539251695837e-15,-3.411293859100106e-16,-0.0003411293859100106
diabetes_hist_gradient_boosting,D1_uniform_rows,211,16.0,8.18348014645134e-16,7.068697384711854e-16,1.1147827617394859e-16,0.00011147827617394858
diabetes_hist_gradient_boosting,D1_uniform_rows,241,2.0,1.940278549763767e-15,0.5351989190915709,-0.535198919091569,-535198919091.56903
diabetes_hist_gradient_boosting,D1_uniform_rows,241,4.0,1.8824015097284923e-15,1.1489956028289066e-15,7.334059068995857e-16,0.0007334059068995857
diabetes_hist_gradient_boosting,D1_uniform_rows,241,8.0,6.474142761785434e-16,4.2053016996035016e-15,-3.557887423424958e-15,-0.0035578874234249583
diabetes_hist_gradient_boosting,D1_uniform_rows,241,16.0,8.95093930319969e-16,1.0899296610665798e-15,-1.948357307466107e-16,-0.0001948357307466107
diabetes_hist_gradient_boosting,D1_uniform_rows,271,2.0,0.5411993637320437,0.00302933112173796,0.5381700326103057,0.9944025597132117
diabetes_hist_gradient_boosting,D1_uniform_rows,271,4.0,2.143197122394396e-15,1.7024982797742537e-15,4.406988426201422e-16,0.0004406988426201422
diabetes_hist_gradient_boosting,D1_uniform_rows,271,8.0,1.1301298357493249e-15,9.41428633585729e-16,1.8870120216359586e-16,0.00018870120216359586
diabetes_hist_gradient_boosting,D1_uniform_rows,271,16.0,1.2644187211353647e-15,1.2098545647565959e-15,5.4564156378768807e-17,5.456415637876881e-05
diabetes_hist_gradient_boosting,D1_uniform_rows,307,2.0,1.35088610641723e-14,0.10620469411480356,-0.10620469411479005,-106204694114.79005
diabetes_hist_gradient_boosting,D1_uniform_rows,307,4.0,9.515246776087607e-16,2.4624275757946323e-15,-1.5109028981858716e-15,-0.0015109028981858715
diabetes_hist_gradient_boosting,D1_uniform_rows,307,8.0,1.408724774680772e-15,1.4198814054249555e-15,-1.1156630744183554e-17,-1.1156630744183553e-05
diabetes_hist_gradient_boosting,D1_uniform_rows,307,16.0,2.830010071228917e-15,7.918113514431477e-16,2.0381987197857695e-15,0.00203819871978577
diabetes_hist_gradient_boosting,D1_uniform_rows,337,2.0,0.6696956806412946,0.3059878466397651,0.3637078340015295,0.5430941911604479
diabetes_hist_gradient_boosting,D1_uniform_rows,337,4.0,5.665471863046737e-16,1.339067615531602e-15,-7.725204292269283e-16,-0.0007725204292269284
diabetes_hist_gradient_boosting,D1_uniform_rows,337,8.0,1.828518161191116e-15,5.923988394367187e-16,1.2361193217543973e-15,0.0012361193217543974
diabetes_hist_gradient_boosting,D1_uniform_rows,337,16.0,4.005268623203548e-16,4.2237207511141834e-16,-2.1845212791063518e-17,-2.184521279106352e-05
diabetes_hist_gradient_boosting,D1_uniform_rows,367,2.0,0.42479533427509625,0.01788830751156892,0.4069070267635273,0.9578895857175669
diabetes_hist_gradient_boosting,D1_uniform_rows,367,4.0,2.414606577248055e-15,1.1581308284708448e-15,1.2564757487772102e-15,0.0012564757487772103
diabetes_hist_gradient_boosting,D1_uniform_rows,367,8.0,1.54645856113116e-15,1.2661654406024304e-15,2.802931205287296e-16,0.0002802931205287296
diabetes_hist_gradient_boosting,D1_uniform_rows,367,16.0,8.85545125720478e-16,8.803474194375285e-16,5.197706282949423e-18,5.197706282949423e-06
diabetes_hist_gradient_boosting,D1_uniform_rows,397,2.0,0.40447582922122755,0.7128144497406512,-0.3083386205194237,-0.7623165545221696
diabetes_hist_gradient_boosting,D1_uniform_rows,397,4.0,0.0075440647323574426,0.013078777087988037,-0.005534712355630594,-0.7336512280828552
diabetes_hist_gradient_boosting,D1_uniform_rows,397,8.0,0.006325766515041412,0.004519658296862116,0.0018061082181792965,0.2855161052632485
diabetes_hist_gradient_boosting,D1_uniform_rows,397,16.0,0.0030359357033152875,0.00385127117841965,-0.0008153354751043625,-0.26856150945950663
diabetes_hist_gradient_boosting,D1_uniform_rows,431,2.0,0.5649082659706293,1.9713962823349166e-15,0.5649082659706273,0.9999999999999964
diabetes_hist_gradient_boosting,D1_uniform_rows,431,4.0,1.2064041493468412e-15,9.963727014099033e-16,2.1003144793693795e-16,0.00021003144793693796
diabetes_hist_gradient_boosting,D1_uniform_rows,431,8.0,6.644645466167763e-16,7.361511737835084e-16,-7.16866271667321e-17,-7.168662716673211e-05
diabetes_hist_gradient_boosting,D1_uniform_rows,431,16.0,1.0301798346319206e-15,1.308635773737496e-15,-2.7845593910557544e-16,-0.00027845593910557547
diabetes_hist_gradient_boosting,D1_uniform_rows,461,2.0,0.4191982858408644,1.1903921600484669e-14,0.4191982858408525,0.9999999999999717
diabetes_hist_gradient_boosting,D1_uniform_rows,461,4.0,2.260966339142117e-15,2.999602042089039e-15,-7.386357029469221e-16,-0.0007386357029469222
diabetes_hist_gradient_boosting,D1_uniform_rows,461,8.0,1.2178200152495166e-15,1.3487827723857979e-15,-1.3096275713628124e-16,-0.00013096275713628125
diabetes_hist_gradient_boosting,D1_uniform_rows,461,16.0,1.81107871665465e-15,1.0497451472163631e-15,7.613335694382869e-16,0.0007613335694382869
diabetes_hist_gradient_boosting,D1_uniform_rows,491,2.0,0.39893325551263575,1.554902472487035e-15,0.3989332555126342,0.9999999999999961
diabetes_hist_gradient_boosting,D1_uniform_rows,491,4.0,1.783787542776234e-15,1.5693119585413535e-15,2.1447558423488055e-16,0.00021447558423488055
diabetes_hist_gradient_boosting,D1_uniform_rows,491,8.0,1.8369989312790775e-15,1.3074882917836149e-15,5.295106394954626e-16,0.0005295106394954626
diabetes_hist_gradient_boosting,D1_uniform_rows,491,16.0,1.0789139807211627e-15,4.646346863898372e-15,-3.56743288317721e-15,-0.00356743288317721
diabetes_hist_gradient_boosting,D1_uniform_rows,521,2.0,1.5955567349188485e-15,0.0516644556925318,-0.051664455692530205,-51664455692.530205
diabetes_hist_gradient_boosting,D1_uniform_rows,521,4.0,1.0415385055321563e-15,1.4716822232319784e-15,-4.3014371769982206e-16,-0.00043014371769982206
diabetes_hist_gradient_boosting,D1_uniform_rows,521,8.0,1.1823212366004803e-15,5.667562192681048e-16,6.155650173323755e-16,0.0006155650173323755
diabetes_hist_gradient_boosting,D1_uniform_rows,521,16.0,3.4877577734501854e-15,1.222518994346356e-15,2.2652387791038295e-15,0.0022652387791038293
diabetes_hist_gradient_boosting,D1_uniform_rows,557,2.0,0.1281342648961494,0.28173486579644047,-0.15360060090029107,-1.1987472751709443
diabetes_hist_gradient_boosting,D1_uniform_rows,557,4.0,9.568605481031968e-16,1.8002231142995074e-15,-8.433625661963106e-16,-0.0008433625661963106
diabetes_hist_gradient_boosting,D1_uniform_rows,557,8.0,5.826943840289292e-16,9.836746232933184e-16,-4.009802392643892e-16,-0.0004009802392643892
diabetes_hist_gradient_boosting,D1_uniform_rows,557,16.0,5.237931624830806e-16,1.256116491158584e-15,-7.323233286755035e-16,-0.0007323233286755035
diabetes_hist_gradient_boosting,D2_robust_leverage_ipw,11,2.0,0.12755589727572994,0.321705504135615,-0.19414960685988505,-1.5220747217998356
diabetes_hist_gradient_boosting,D2_robust_leverage_ipw,11,4.0,1.306958280708644e-15,1.8975263499208403e-15,-5.905680692121964e-16,-0.0005905680692121964
diabetes_hist_gradient_boosting,D2_robust_leverage_ipw,11,8.0,1.3756796905974712e-15,9.264919035997435e-16,4.491877869977276e-16,0.00044918778699772765
diabetes_hist_gradient_boosting,D2_robust_leverage_ipw,11,16.0,8.84727613773872e-16,6.853814166675601e-16,1.9934619710631193e-16,0.00019934619710631194
diabetes_hist_gradient_boosting,D2_robust_leverage_ipw,29,2.0,0.039111089292605955,0.18092550282470327,-0.1418144135320973,-3.625938732391881
diabetes_hist_gradient_boosting,D2_robust_leverage_ipw,29,4.0,0.009396470736100702,0.006523757367212402,0.0028727133688883,0.30572258984977196
diabetes_hist_gradient_boosting,D2_robust_leverage_ipw,29,8.0,0.003368980853188016,0.00627898716429136,-0.0029100063111033437,-0.86376457389173
diabetes_hist_gradient_boosting,D2_robust_leverage_ipw,29,16.0,0.0028492163948509366,0.0030646259709021565,-0.00021540957605121992,-0.07560309439483258
diabetes_hist_gradient_boosting,D2_robust_leverage_ipw,47,2.0,7.882242293401551e-15,0.16621972074250174,-0.16621972074249386,-166219720742.49387
diabetes_hist_gradient_boosting,D2_robust_leverage_ipw,47,4.0,1.910108320988444e-15,1.92146070812544e-15,-1.1352387136995834e-17,-1.1352387136995835e-05
diabetes_hist_gradient_boosting,D2_robust_leverage_ipw,47,8.0,1.711125330755022e-15,6.767875455283779e-16,1.0343377852266442e-15,0.0010343377852266443
diabetes_hist_gradient_boosting,D2_robust_leverage_ipw,47,16.0,3.394438421614109e-15,1.4260490389419095e-15,1.9683893826721998e-15,0.0019683893826722
diabetes_hist_gradient_boosting,D2_robust_leverage_ipw,71,2.0,7.019542587059619e-15,0.2975600016191705,-0.2975600016191635,-297560001619.1635
diabetes_hist_gradient_boosting,D2_robust_leverage_ipw,71,4.0,1.0904076284152918e-15,8.495473272272678e-16,2.40860301188024e-16,0.000240860301188024
diabetes_hist_gradient_boosting,D2_robust_leverage_ipw,71,8.0,1.2768021327448784e-15,1.1213584831788539e-15,1.554436495660245e-16,0.00015544364956602449
diabetes_hist_gradient_boosting,D2_robust_leverage_ipw,71,16.0,3.3846082882771525e-15,9.072880414162408e-16,2.4773202468609116e-15,0.002477320246860912
diabetes_hist_gradient_boosting,D2_robust_leverage_ipw,101,2.0,0.028698027728319534,0.3467972399339828,-0.3180992122056633,-11.08435796414537
diabetes_hist_gradient_boosting,D2_robust_leverage_ipw,101,4.0,1.2468218065993669e-15,0.5227647597286796,-0.5227647597286784,-522764759728.6784
diabetes_hist_gradient_boosting,D2_robust_leverage_ipw,101,8.0,8.144298797703925e-16,4.2938911489946944e-15,-3.4794612692243017e-15,-0.003479461269224302
diabetes_hist_gradient_boosting,D2_robust_leverage_ipw,101,16.0,2.1089798136954945e-15,1.1568916686371304e-15,9.52088145058364e-16,0.0009520881450583641
diabetes_hist_gradient_boosting,D2_robust_leverage_ipw,127,2.0,3.233526255319512e-15,6.3215690974377e-15,-3.088042842118188e-15,-0.003088042842118188
diabetes_hist_gradient_boosting,D2_robust_leverage_ipw,127,4.0,1.1023702298378027e-15,7.763456391463558e-16,3.260245906914468e-16,0.0003260245906914468
diabetes_hist_gradient_boosting,D2_robust_leverage_ipw,127,8.0,1.1842899355286295e-15,1.2660363061954404e-15,-8.174637066681097e-17,-8.174637066681097e-05
diabetes_hist_gradient_boosting,D2_robust_leverage_ipw,127,16.0,1.433177753089963e-15,7.437068654665553e-16,6.894708876234077e-16,0.0006894708876234077
diabetes_hist_gradient_boosting,D2_robust_leverage_ipw,151,2.0,1.2879804844915537e-15,0.3439128481817421,-0.34391284818174084,-343912848181.74084
diabetes_hist_gradient_boosting,D2_robust_leverage_ipw,151,4.0,1.1432240783640527e-15,1.0394304767074264e-15,1.0379360165662624e-16,0.00010379360165662624
diabetes_hist_gradient_boosting,D2_robust_leverage_ipw,151,8.0,6.138408754437215e-16,7.109392013531418e-16,-9.70983259094203e-17,-9.70983259094203e-05
diabetes_hist_gradient_boosting,D2_robust_leverage_ipw,151,16.0,2.0028157852160825e-15,7.70457648254067e-16,1.2323581369620155e-15,0.0012323581369620155
diabetes_hist_gradient_boosting,D2_robust_leverage_ipw,181,2.0,1.0059909982993553e-14,1.0786822006697224e-14,-7.269120237036714e-16,-0.0007269120237036714
diabetes_hist_gradient_boosting,D2_robust_leverage_ipw,181,4.0,7.811529213857063e-16,1.2832247489600225e-15,-5.020718275743162e-16,-0.0005020718275743161
diabetes_hist_gradient_boosting,D2_robust_leverage_ipw,181,8.0,8.144069402025582e-16,1.037233297595233e-15,-2.2282635739267476e-16,-0.00022282635739267478
diabetes_hist_gradient_boosting,D2_robust_leverage_ipw,181,16.0,1.7551619836123792e-15,1.707253079673127e-15,4.790890393925229e-17,4.790890393925229e-05
diabetes_hist_gradient_boosting,D2_robust_leverage_ipw,211,2.0,0.12437325197433145,8.917560233246398e-15,0.12437325197432253,0.9999999999999283
diabetes_hist_gradient_boosting,D2_robust_leverage_ipw,211,4.0,1.2945120496661127e-15,8.509984807066651e-16,4.4351356895944763e-16,0.0004435135689594476
diabetes_hist_gradient_boosting,D2_robust_leverage_ipw,211,8.0,7.966970731517078e-16,1.3726540035996064e-15,-5.759569304478986e-16,-0.0005759569304478986
diabetes_hist_gradient_boosting,D2_robust_leverage_ipw,211,16.0,7.947127685184544e-16,8.891080331050383e-16,-9.439526458658391e-17,-9.439526458658392e-05
diabetes_hist_gradient_boosting,D2_robust_leverage_ipw,241,2.0,1.4307170768963436e-15,0.3787023296986098,-0.37870232969860834,-378702329698.60834
diabetes_hist_gradient_boosting,D2_robust_leverage_ipw,241,4.0,7.629285893735929e-16,9.600524107249768e-16,-1.9712382135138395e-16,-0.00019712382135138396
diabetes_hist_gradient_boosting,D2_robust_leverage_ipw,241,8.0,1.1261553342801567e-15,4.149958374186433e-15,-3.0238030399062764e-15,-0.0030238030399062765
diabetes_hist_gradient_boosting,D2_robust_leverage_ipw,241,16.0,8.37948788512094e-16,7.77085122196938e-16,6.086366631515596e-17,6.086366631515597e-05
diabetes_hist_gradient_boosting,D2_robust_leverage_ipw,271,2.0,0.6633228815612598,0.001797700585869446,0.6615251809753904,0.9972898559120436
diabetes_hist_gradient_boosting,D2_robust_leverage_ipw,271,4.0,2.6222886044937115e-15,2.589496548501806e-15,3.2792055991905726e-17,3.2792055991905726e-05
diabetes_hist_gradient_boosting,D2_robust_leverage_ipw,271,8.0,9.66499923240036e-16,1.0034982444433487e-15,-3.699832120331276e-17,-3.699832120331276e-05
diabetes_hist_gradient_boosting,D2_robust_leverage_ipw,271,16.0,1.5152610643608782e-15,8.910116310099403e-16,6.242494333509379e-16,0.0006242494333509379
diabetes_hist_gradient_boosting,D2_robust_leverage_ipw,307,2.0,2.7824963270630815e-15,0.3010580837508243,-0.30105808375082155,-301058083750.82153
diabetes_hist_gradient_boosting,D2_robust_leverage_ipw,307,4.0,1.48001873054916e-15,1.4834859402552223e-15,-3.4672097060622863e-18,-3.4672097060622864e-06
diabetes_hist_gradient_boosting,D2_robust_leverage_ipw,307,8.0,8.034162870257517e-16,1.494129306803167e-15,-6.907130197774153e-16,-0.0006907130197774153
diabetes_hist_gradient_boosting,D2_robust_leverage_ipw,307,16.0,1.4259151984325923e-15,8.272917646144349e-16,5.986234338181574e-16,0.0005986234338181575
diabetes_hist_gradient_boosting,D2_robust_leverage_ipw,337,2.0,0.2040364299523127,0.05840667456903861,0.14562975538327408,0.7137438908204314
diabetes_hist_gradient_boosting,D2_robust_leverage_ipw,337,4.0,1.328463558965187e-15,1.3063427691913365e-15,2.212078977385045e-17,2.212078977385045e-05
diabetes_hist_gradient_boosting,D2_robust_leverage_ipw,337,8.0,3.7508811692436265e-15,1.1229075802546086e-15,2.627973588989018e-15,0.002627973588989018
diabetes_hist_gradient_boosting,D2_robust_leverage_ipw,337,16.0,1.3448874046566808e-15,8.60321737033841e-16,4.845656676228397e-16,0.0004845656676228397
diabetes_hist_gradient_boosting,D2_robust_leverage_ipw,367,2.0,0.5782927531899452,0.3682308951926355,0.2100618579973097,0.36324483894805626
diabetes_hist_gradient_boosting,D2_robust_leverage_ipw,367,4.0,0.0051886621903296445,0.0038963483789241724,0.0012923138114054721,0.2490649350451102
diabetes_hist_gradient_boosting,D2_robust_leverage_ipw,367,8.0,0.003348739093862833,0.003408067772588255,-5.932867872542177e-05,-0.017716721745851222
diabetes_hist_gradient_boosting,D2_robust_leverage_ipw,367,16.0,0.0012060757162580494,0.002385260000524048,-0.0011791842842659985,-0.9777033633713447
diabetes_hist_gradient_boosting,D2_robust_leverage_ipw,397,2.0,0.18941367881087445,0.6474641473796412,-0.45805046856876674,-2.4182544335993836
diabetes_hist_gradient_boosting,D2_robust_leverage_ipw,397,4.0,0.00756326116077491,0.014999320052769714,-0.007436058891994804,-0.9831815580506712
diabetes_hist_gradient_boosting,D2_robust_leverage_ipw,397,8.0,0.004381190138081515,0.0073500318659330535,-0.0029688417278515384,-0.6776336187845908
diabetes_hist_gradient_boosting,D2_robust_leverage_ipw,397,16.0,0.0036078027057845946,0.004708524135700456,-0.001100721429915861,-0.30509468495907827
diabetes_hist_gradient_boosting,D2_robust_leverage_ipw,431,2.0,0.13857523092317683,2.0738178939877966e-15,0.13857523092317475,0.999999999999985
diabetes_hist_gradient_boosting,D2_robust_leverage_ipw,431,4.0,1.1999792762582126e-15,1.0176591497336033e-15,1.8232012652460933e-16,0.00018232012652460934
diabetes_hist_gradient_boosting,D2_robust_leverage_ipw,431,8.0,1.2338795471087766e-15,8.496456629296918e-16,3.8423388417908474e-16,0.00038423388417908476
diabetes_hist_gradient_boosting,D2_robust_leverage_ipw,431,16.0,1.2899706979523494e-15,1.932659560377822e-15,-6.426888624254726e-16,-0.0006426888624254726
diabetes_hist_gradient_boosting,D2_robust_leverage_ipw,461,2.0,0.2655192877942452,5.822939988533973e-15,0.2655192877942394,0.999999999999978
diabetes_hist_gradient_boosting,D2_robust_leverage_ipw,461,4.0,1.1658911409112153e-15,1.3006194082592403e-15,-1.34728267348025e-16,-0.000134728267348025
diabetes_hist_gradient_boosting,D2_robust_leverage_ipw,461,8.0,9.755786773836653e-16,8.221160751885806e-16,1.534626021950847e-16,0.00015346260219508472
diabetes_hist_gradient_boosting,D2_robust_leverage_ipw,461,16.0,1.9324515023294974e-15,6.993880008201121e-16,1.2330635015093853e-15,0.0012330635015093854
diabetes_hist_gradient_boosting,D2_robust_leverage_ipw,491,2.0,0.4510535520394367,0.006926136120998126,0.4441274159184386,0.9846445370185388
diabetes_hist_gradient_boosting,D2_robust_leverage_ipw,491,4.0,0.002702468738782015,0.003580389464190675,-0.0008779207254086597,-0.32485879033861936
diabetes_hist_gradient_boosting,D2_robust_leverage_ipw,491,8.0,0.0016819611293658859,0.0016302907787639038,5.1670350601982096e-05,0.030720300071061853
diabetes_hist_gradient_boosting,D2_robust_leverage_ipw,491,16.0,0.0011706135645782882,0.0008452064739969781,0.00032540709058131014,0.27797994182524066
diabetes_hist_gradient_boosting,D2_robust_leverage_ipw,521,2.0,7.806146972481882e-15,0.06058866302593408,-0.060588663025926276,-60588663025.92628
diabetes_hist_gradient_boosting,D2_robust_leverage_ipw,521,4.0,8.083175509433976e-16,4.2263612933617174e-15,-3.4180437424183197e-15,-0.00341804374241832
diabetes_hist_gradient_boosting,D2_robust_leverage_ipw,521,8.0,3.2693815282202553e-16,2.4070285970618223e-15,-2.080090444239797e-15,-0.002080090444239797
diabetes_hist_gradient_boosting,D2_robust_leverage_ipw,521,16.0,1.5927371278034411e-15,9.669581287751177e-16,6.257789990283234e-16,0.0006257789990283234
diabetes_hist_gradient_boosting,D2_robust_leverage_ipw,557,2.0,0.057982711020408695,0.20602504722073467,-0.14804233620032597,-2.5532151497403803
diabetes_hist_gradient_boosting,D2_robust_leverage_ipw,557,4.0,0.008960277292445059,0.01509296746519323,-0.006132690172748171,-0.6844308465675506
diabetes_hist_gradient_boosting,D2_robust_leverage_ipw,557,8.0,0.0037075700480542224,0.005564006042708515,-0.001856435994654293,-0.5007150156552196
diabetes_hist_gradient_boosting,D2_robust_leverage_ipw,557,16.0,0.001612807093356923,0.002809720004674609,-0.001196912911317686,-0.7421302375514804
synthetic_interaction,not_applicable,11,2.0,0.19012247286389833,0.5176411746905327,-0.3275187018266344,-1.722672216982434
synthetic_interaction,not_applicable,11,4.0,0.09842883629331711,0.1364034448067972,-0.037974608513480085,-0.38580775658381317
synthetic_interaction,not_applicable,11,8.0,0.035046432747993246,0.03162575076635427,0.0034206819816389733,0.0976042841859516
synthetic_interaction,not_applicable,11,16.0,0.020451047024814144,0.02967615823873093,-0.009225111213916785,-0.4510825877385914
synthetic_interaction,not_applicable,29,2.0,0.44151046042612463,0.6708348071180694,-0.2293243466919448,-0.5194086375000311
synthetic_interaction,not_applicable,29,4.0,0.0595111770952822,0.108688527939615,-0.04917735084433281,-0.8263548671805954
synthetic_interaction,not_applicable,29,8.0,0.042323001314082974,0.0697556887461038,-0.027432687432020826,-0.648174434238259
synthetic_interaction,not_applicable,29,16.0,0.03591769709244109,0.022644334489306556,0.013273362603134532,0.369549377538682
synthetic_interaction,not_applicable,47,2.0,0.5407376720726365,0.2269126856898228,0.31382498638281364,0.5803645697181202
synthetic_interaction,not_applicable,47,4.0,0.08934433442609664,0.08477023854320337,0.004574095882893273,0.051196261209789956
synthetic_interaction,not_applicable,47,8.0,0.0305305753568985,0.07076291956726997,-0.04023234421037147,-1.3177722247308
synthetic_interaction,not_applicable,47,16.0,0.0243570522953745,0.027419396522999063,-0.003062344227624563,-0.12572720994675182
synthetic_interaction,not_applicable,71,2.0,0.4415104604261091,0.3555280969030053,0.08598236352310379,0.19474592615568107
synthetic_interaction,not_applicable,71,4.0,0.12655427236344235,0.12884736053979745,-0.002293088176355096,-0.018119405481386963
synthetic_interaction,not_applicable,71,8.0,0.054847968046499565,0.03941147889676081,0.015436489149738754,0.2814414042950844
synthetic_interaction,not_applicable,71,16.0,0.02347187360441777,0.02635776245053418,-0.0028858888461164092,-0.12295093671487904
synthetic_interaction,not_applicable,101,2.0,0.2846135313660074,0.6641818039438767,-0.3795682725778693,-1.3336269388040864
synthetic_interaction,not_applicable,101,4.0,0.08570920512285707,0.5099678472568793,-0.4242586421340222,-4.949977561055227
synthetic_interaction,not_applicable,101,8.0,0.05300780923031473,0.04045735800637445,0.01255045122394028,0.23676608043561212
synthetic_interaction,not_applicable,101,16.0,0.030751098755016505,0.02584108303691453,0.004910015718101974,0.15966960261219904
synthetic_interaction,not_applicable,127,2.0,0.3604917813817557,0.31219504053210206,0.04829674084965363,0.1339745962155738
synthetic_interaction,not_applicable,127,4.0,0.10588130793530526,0.13365326470076003,-0.02777195676545477,-0.26229329148846336
synthetic_interaction,not_applicable,127,8.0,0.07808457717555857,0.046942100373066856,0.031142476802491714,0.3988300625932017
synthetic_interaction,not_applicable,127,16.0,0.03096187533293992,0.036607761694489024,-0.005645886361549106,-0.18234962517087988
synthetic_interaction,not_applicable,151,2.0,0.18024589069087146,0.22498040014805218,-0.044734509457180716,-0.24818601570175097
synthetic_interaction,not_applicable,151,4.0,0.1287343787135613,0.07333207671553237,0.05540230199802894,0.43036135763936906
synthetic_interaction,not_applicable,151,8.0,0.04655013204636994,0.04524838217915595,0.001301749867213986,0.027964472064596405
synthetic_interaction,not_applicable,151,16.0,0.018626371378186596,0.027396894875558436,-0.00877052349737184,-0.47086592011383543
synthetic_interaction,not_applicable,181,2.0,0.18024589069087602,0.8454281663398857,-0.6651822756490097,-3.690415759823372
synthetic_interaction,not_applicable,181,4.0,0.13703575237641194,0.07833779565942936,0.05869795671698258,0.4283404564069537
synthetic_interaction,not_applicable,181,8.0,0.04647906084486716,0.044195864840172655,0.002283196004694503,0.04912310970127195
synthetic_interaction,not_applicable,181,16.0,0.04832646628174964,0.03591514517692793,0.01241132110482171,0.25682244243686425
synthetic_interaction,not_applicable,211,2.0,0.19691396415069296,0.18024589069087385,0.016668073459819105,0.08464647762138126
synthetic_interaction,not_applicable,211,4.0,0.08111681886439304,0.19477570739353295,-0.11365888852913991,-1.401175368071929
synthetic_interaction,not_applicable,211,8.0,0.06185635151639166,0.06185414821242851,2.203303963152492e-06,3.561968834467429e-05
synthetic_interaction,not_applicable,211,16.0,0.03202101448027364,0.02508459825599074,0.006936416224282902,0.216620751617849
synthetic_interaction,not_applicable,241,2.0,0.1802458906908766,0.4304709518778116,-0.250225061186935,-1.3882428066894092
synthetic_interaction,not_applicable,241,4.0,0.09396933879242121,0.10568385351760938,-0.011714514725188169,-0.12466316008741528
synthetic_interaction,not_applicable,241,8.0,0.053063215904522884,0.048147791387447604,0.00491542451707528,0.09263337009049069
synthetic_interaction,not_applicable,241,16.0,0.0381233726206042,0.030344423362790467,0.007778949257813736,0.20404672312778319
synthetic_interaction,not_applicable,271,2.0,0.5686666071892332,0.3107512708586375,0.2579153363305957,0.4535440151926665
synthetic_interaction,not_applicable,271,4.0,0.09464562378910317,0.17260976793558477,-0.0779641441464816,-0.8237480088905901
synthetic_interaction,not_applicable,271,8.0,0.06170808518017846,0.061611429082388834,9.665609778962414e-05,0.0015663441428688423
synthetic_interaction,not_applicable,271,16.0,0.025039397220135012,0.02650627342066729,-0.0014668762005322772,-0.05858272815580054
synthetic_interaction,not_applicable,307,2.0,0.18024589069087074,0.2536069629727896,-0.07336107228191888,-0.4070055189648467
synthetic_interaction,not_applicable,307,4.0,0.09039218221046401,0.1161401807446842,-0.02574799853422019,-0.2848476262501332
synthetic_interaction,not_applicable,307,8.0,0.06560097427516813,0.06113042562379821,0.004470548651369921,0.06814759537896305
synthetic_interaction,not_applicable,307,16.0,0.047608472054283375,0.04286748621959602,0.004740985834687357,0.0995828185639242
synthetic_interaction,not_applicable,337,2.0,0.6802940767575031,0.16784217527122522,0.5124519014862778,0.7532799696401677
synthetic_interaction,not_applicable,337,4.0,0.11397330131555156,0.09765793435238158,0.016315366963169972,0.1431507798304317
synthetic_interaction,not_applicable,337,8.0,0.052685992551238674,0.05789121392948944,-0.005205221378250767,-0.09879706400498266
synthetic_interaction,not_applicable,337,16.0,0.02600610324015147,0.030008444533992523,-0.004002341293841052,-0.15390007710427517
synthetic_interaction,not_applicable,367,2.0,0.48573871550153613,0.33447633216293776,0.15126238333859837,0.3114068912180833
synthetic_interaction,not_applicable,367,4.0,0.08934889177737863,0.09160329343921604,-0.0022544016618374074,-0.02523144514712579
synthetic_interaction,not_applicable,367,8.0,0.11454646771396744,0.04363794513078501,0.07090852258318242,0.6190371820128684
synthetic_interaction,not_applicable,367,16.0,0.04507099613210181,0.0467546569862195,-0.0016836608541176898,-0.037355749786024864
synthetic_interaction,not_applicable,397,2.0,0.6536859363159532,0.5146662908082836,0.13901964550766954,0.21267039381504402
synthetic_interaction,not_applicable,397,4.0,0.08096486683782451,0.09734003718925285,-0.01637517035142834,-0.20225032154043288
synthetic_interaction,not_applicable,397,8.0,0.08093160469312968,0.05435607340139952,0.02657553129173016,0.3283702503181204
synthetic_interaction,not_applicable,397,16.0,0.03741444281576268,0.03485788376052015,0.0025565590552425257,0.06833080657733193
synthetic_interaction,not_applicable,431,2.0,0.5481964750673417,0.23269644428936234,0.3155000307779794,0.5755236400219879
synthetic_interaction,not_applicable,431,4.0,0.08338649676048975,0.11680225940383089,-0.033415762643341146,-0.4007334993256873
synthetic_interaction,not_applicable,431,8.0,0.04183981318462465,0.05481651276525078,-0.012976699580626125,-0.31015194841727495
synthetic_interaction,not_applicable,431,16.0,0.026211768854659163,0.02253217516947733,0.0036795936851818332,0.1403794496122982
synthetic_interaction,not_applicable,461,2.0,0.3575763714939968,0.18024589069087507,0.17733048080312172,0.4959233745289539
synthetic_interaction,not_applicable,461,4.0,0.15293378434433702,0.18683653245848142,-0.0339027481141444,-0.22168252920369053
synthetic_interaction,not_applicable,461,8.0,0.029776179618249105,0.0623539741964986,-0.0325777945782495,-1.0940891341978387
synthetic_interaction,not_applicable,461,16.0,0.037032602848899546,0.045156202228105236,-0.00812359937920569,-0.21936344610589772
synthetic_interaction,not_applicable,491,2.0,0.5319699187917377,0.37969471774022456,0.15227520105151315,0.28624776641013
synthetic_interaction,not_applicable,491,4.0,0.06565907421283851,0.10942388287100833,-0.043764808658169826,-0.6665462342082851
synthetic_interaction,not_applicable,491,8.0,0.07859508465103857,0.05641594752449914,0.022179137126539426,0.28219496454536036
synthetic_interaction,not_applicable,491,16.0,0.02051054299964204,0.032147861915509834,-0.011637318915867795,-0.5673822929052096
synthetic_interaction,not_applicable,521,2.0,0.18024589069087557,0.16928593565157687,0.010959955039298697,0.06080557508018413
synthetic_interaction,not_applicable,521,4.0,0.08977125175292651,0.10108600249941971,-0.011314750746493199,-0.12603980144594945
synthetic_interaction,not_applicable,521,8.0,0.07037320388037654,0.05851843521324147,0.011854768667135078,0.16845571912977464
synthetic_interaction,not_applicable,521,16.0,0.029387151721856075,0.03031772816093386,-0.0009305764390777835,-0.0316660984325911
synthetic_interaction,not_applicable,557,2.0,0.4077237760836331,0.247198010151958,0.16052576593167509,0.3937120554351673
synthetic_interaction,not_applicable,557,4.0,0.18024589069087574,0.12890408989919058,0.051341800791685155,0.28484311400883516
synthetic_interaction,not_applicable,557,8.0,0.07883213295856517,0.04539886254101952,0.03343327041754565,0.42410713959900664
synthetic_interaction,not_applicable,557,16.0,0.03768014760584289,0.04450843926514655,-0.0068282916593036605,-0.18121722161844261
synthetic_threshold,not_applicable,11,2.0,0.39457906823781774,1.0040072302062641,-0.6094281619684464,-1.5445020048583429
synthetic_threshold,not_applicable,11,4.0,0.20003113147311596,0.2788252561420975,-0.07879412466898156,-0.3939093084596756
synthetic_threshold,not_applicable,11,8.0,0.17722772979888304,0.09361231192413254,0.0836154178747505,0.47179647321351337
synthetic_threshold,not_applicable,11,16.0,0.15617231903511122,0.08507338424354886,0.07109893479156236,0.45525951865757747
synthetic_threshold,not_applicable,29,2.0,0.9694898831524142,0.36232694435038204,0.6071629388020322,0.6262705257199468
synthetic_threshold,not_applicable,29,4.0,0.23358936937735283,0.22230365317331213,0.011285716204040702,0.048314339963858324
synthetic_threshold,not_applicable,29,8.0,0.12455698533402441,0.14638501176878285,-0.021828026434758438,-0.1752453013873307
synthetic_threshold,not_applicable,29,16.0,0.07322889387906005,0.0937014760818918,-0.020472582202831754,-0.2795697315412534
synthetic_threshold,not_applicable,47,2.0,1.6051813840615325,0.46821416894865103,1.1369672151128816,0.7083107407064829
synthetic_threshold,not_applicable,47,4.0,0.23660312260303218,0.21654851629900157,0.02005460630403061,0.08476053098283835
synthetic_threshold,not_applicable,47,8.0,0.17175667286183646,0.11407898751258397,0.057677685349252494,0.335810448515437
synthetic_threshold,not_applicable,47,16.0,0.09811481805882274,0.07979544732058282,0.01831937073823993,0.18671359842156485
synthetic_threshold,not_applicable,71,2.0,0.5919116888623057,0.3916441599810274,0.2002675288812783,0.33834021636944867
synthetic_threshold,not_applicable,71,4.0,0.21544650489930192,0.3136487786508432,-0.09820227375154125,-0.4558081543139456
synthetic_threshold,not_applicable,71,8.0,0.19252563411186616,0.1489204372846463,0.04360519682721986,0.22649034258930556
synthetic_threshold,not_applicable,71,16.0,0.12457350020852136,0.12017131143299484,0.004402188775526519,0.03533808368680156
synthetic_threshold,not_applicable,101,2.0,0.3981825078492798,0.7845215456908754,-0.3863390378415956,-0.9702561770690159
synthetic_threshold,not_applicable,101,4.0,0.3228782228988199,0.3428925763824561,-0.020014353483636227,-0.06198731306170534
synthetic_threshold,not_applicable,101,8.0,0.18766202035911617,0.10846172497212736,0.0792002953869888,0.42203688969898406
synthetic_threshold,not_applicable,101,16.0,0.1106413754457832,0.11439318072803228,-0.003751805282249082,-0.03390960449590174
synthetic_threshold,not_applicable,127,2.0,0.7742440604849743,0.41973534040493515,0.35450872008003914,0.4578772226653963
synthetic_threshold,not_applicable,127,4.0,0.23483622621588965,0.4003324759813191,-0.16549624976542945,-0.7047304942350991
synthetic_threshold,not_applicable,127,8.0,0.15559240938591692,0.0865435054630108,0.06904890392290612,0.44378067153419837
synthetic_threshold,not_applicable,127,16.0,0.0759719335849543,0.07399914745885464,0.0019727861260996626,0.025967301778539422
synthetic_threshold,not_applicable,151,2.0,0.9413895839743982,0.4679906903087686,0.4733988936656296,0.5028724576142156
synthetic_threshold,not_applicable,151,4.0,0.4127119548246969,0.2726464308817224,0.1400655239429745,0.3393784025531041
synthetic_threshold,not_applicable,151,8.0,0.1937587031669339,0.2063328015499035,-0.012574098382969606,-0.06489565721409851
synthetic_threshold,not_applicable,151,16.0,0.09828696064345675,0.08378802875446208,0.014498931888994676,0.1475163317094587
synthetic_threshold,not_applicable,181,2.0,1.0644070834381243,1.7695173595139648,-0.7051102760758405,-0.6624441785921559
synthetic_threshold,not_applicable,181,4.0,0.254117367482538,0.3718727174535448,-0.11775534997100678,-0.4633896184962584
synthetic_threshold,not_applicable,181,8.0,0.07665241328471398,0.13127552440769796,-0.054623111122983986,-0.7126078460190753
synthetic_threshold,not_applicable,181,16.0,0.11287238944750311,0.08921499905397413,0.023657390393528974,0.209594131118594
synthetic_threshold,not_applicable,211,2.0,0.4714085351562034,0.5535589182464276,-0.08215038309022415,-0.17426579487578273
synthetic_threshold,not_applicable,211,4.0,0.20034670291436368,0.3594715891199162,-0.15912488620555254,-0.794247591254691
synthetic_threshold,not_applicable,211,8.0,0.17435649851519106,0.17215196319911938,0.0022045353160716763,0.012643837969019566
synthetic_threshold,not_applicable,211,16.0,0.15457817762597076,0.10422689485819489,0.05035128276777587,0.3257334478972168
synthetic_threshold,not_applicable,241,2.0,0.3161059029416498,0.5684545817476419,-0.25234867880599204,-0.7983042279744242
synthetic_threshold,not_applicable,241,4.0,0.21979953908996214,0.20580864894600853,0.013990890143953605,0.06365295487825044
synthetic_threshold,not_applicable,241,8.0,0.17045910356060004,0.08110482811710011,0.08935427544349993,0.5241977317552508
synthetic_threshold,not_applicable,241,16.0,0.12546599880978893,0.04996268291380222,0.0755033158959867,0.601783085554936
synthetic_threshold,not_applicable,271,2.0,0.4154902486156234,0.643195738013655,-0.22770548939803165,-0.5480405139632666
synthetic_threshold,not_applicable,271,4.0,0.27152738153678435,0.4269776225716552,-0.15545024103487087,-0.572503001925836
synthetic_threshold,not_applicable,271,8.0,0.19542775332969625,0.14870266172972024,0.04672509159997601,0.23909138187322082
synthetic_threshold,not_applicable,271,16.0,0.11493838806150357,0.07838073144273233,0.036557656618771237,0.31806307044439514
synthetic_threshold,not_applicable,307,2.0,0.4782969313514759,0.6105917931762418,-0.1322948618247659,-0.27659567342603164
synthetic_threshold,not_applicable,307,4.0,0.5063446835685603,0.29007889599144987,0.21626578757711046,0.4271117967565814
synthetic_threshold,not_applicable,307,8.0,0.15052638614451452,0.18363342779912356,-0.03310704165460904,-0.2199417823186445
synthetic_threshold,not_applicable,307,16.0,0.12839721690817554,0.12360876753345328,0.004788449374722267,0.03729402778369231
synthetic_threshold,not_applicable,337,2.0,0.6295891145707682,0.4166533121308169,0.21293580243995125,0.33821392001849243
synthetic_threshold,not_applicable,337,4.0,0.20233277033364166,0.3846133043129229,-0.18228053397928123,-0.9008947669658514
synthetic_threshold,not_applicable,337,8.0,0.20137183199098066,0.11749256227497266,0.083879269716008,0.41653923931011816
synthetic_threshold,not_applicable,337,16.0,0.08764524836845997,0.09731440905554047,-0.0096691606870805,-0.1103215618310695
synthetic_threshold,not_applicable,367,2.0,0.3723108806118795,0.7594552187451695,-0.38714433813329,-1.0398415901706453
synthetic_threshold,not_applicable,367,4.0,0.31956779899713195,0.21650699415322353,0.10306080484390842,0.3225005935120308
synthetic_threshold,not_applicable,367,8.0,0.21788950923842884,0.1780767008860245,0.03981280835240433,0.18272017084052714
synthetic_threshold,not_applicable,367,16.0,0.083203307369204,0.09954137069403927,-0.01633806332483527,-0.19636314758904005
synthetic_threshold,not_applicable,397,2.0,0.7257966373876534,0.47907872720327294,0.2467179101843805,0.33992705046469734
synthetic_threshold,not_applicable,397,4.0,0.3374865214277158,0.4131415359822921,-0.0756550145545763,-0.2241719587334109
synthetic_threshold,not_applicable,397,8.0,0.1647163696785697,0.11683338993249286,0.047882979746076845,0.2906995815869212
synthetic_threshold,not_applicable,397,16.0,0.07557808018266338,0.08640674250833555,-0.010828662325672173,-0.14327781678894944
synthetic_threshold,not_applicable,431,2.0,0.6396300108040375,0.4245396587172655,0.21509035208677196,0.336273077331684
synthetic_threshold,not_applicable,431,4.0,0.2041492272361402,0.2802148290049405,-0.07606560176880028,-0.37259803918245993
synthetic_threshold,not_applicable,431,8.0,0.14081776041659902,0.20085958829881512,-0.0600418278822161,-0.42637965342288325
synthetic_threshold,not_applicable,431,16.0,0.1092208366432624,0.14741078555172213,-0.038189948908459725,-0.3496580879818373
synthetic_threshold,not_applicable,461,2.0,0.37897116747276716,0.5699199556091351,-0.19094878813636795,-0.5038609913512471
synthetic_threshold,not_applicable,461,4.0,0.3686850986773256,0.17691475827726696,0.1917703404000586,0.5201467080932843
synthetic_threshold,not_applicable,461,8.0,0.15680251294441144,0.1281637762319425,0.028638736712468943,0.1826420774431195
synthetic_threshold,not_applicable,461,16.0,0.07591637926758474,0.12012527067821978,-0.04420889141063504,-0.5823366688078028
synthetic_threshold,not_applicable,491,2.0,0.6999574149704524,1.212736187648177,-0.5127787726777246,-0.7325856712288287
synthetic_threshold,not_applicable,491,4.0,0.12983474275655735,0.2664657126059817,-0.13663096984942433,-1.0523452116788958
synthetic_threshold,not_applicable,491,8.0,0.21971855485000796,0.1981118331762018,0.021606721673806173,0.09833817489176604
synthetic_threshold,not_applicable,491,16.0,0.08288299381157728,0.09202992149012997,-0.009146927678552685,-0.11035952320142932
synthetic_threshold,not_applicable,521,2.0,0.5921887026930068,0.49224465469717316,0.09994404799583367,0.16877060899901208
synthetic_threshold,not_applicable,521,4.0,0.36566351041627965,0.27952397590117434,0.08613953451510531,0.23557049599245522
synthetic_threshold,not_applicable,521,8.0,0.1192502476165794,0.11129758290617026,0.007952664710409146,0.0666888737705521
synthetic_threshold,not_applicable,521,16.0,0.12046537020965692,0.09811946784263352,0.0223459023670234,0.18549648191951576
synthetic_threshold,not_applicable,557,2.0,0.5633635704654257,0.329426456292387,0.23393711417303875,0.41525069499927086
synthetic_threshold,not_applicable,557,4.0,0.21153035829007932,0.38424509481846303,-0.1727147365283837,-0.8165009406901947
synthetic_threshold,not_applicable,557,8.0,0.13083190218197502,0.1702766326271681,-0.03944473044519309,-0.3014916835064366
synthetic_threshold,not_applicable,557,16.0,0.08646671425267022,0.11304059283834597,-0.026573878585675753,-0.3073307320088795
